experiment,command,diagnostics_ok,metric,iterations,mean_us,min_us,max_us,median_us,sample,source_line
00-original,bench,False,hash_to_curve,100,3456,,,,,I (30653) crypto_test: hash_to_curve x100: 3456 us/op
00-original,bench,False,blind_message,50,20223,,,,,I (31668) crypto_test: blind_message x50: 20223 us/op
00-original,bench,False,verify_dleq,50,56947,,,,,I (34524) crypto_test: verify_dleq   x50: 56947 us/op
00-original,bench bls,False,hash_to_g1,10,72486,,,,,I (35407) bls_test: hash_to_g1               x10     72486 us/op
00-original,bench bls,False,g1_scalar_mul,10,89929,,,,,I (36309) bls_test: g1_scalar_mul            x10     89929 us/op
00-original,bench bls,False,point_validate_g1,10,67036,,,,,I (36985) bls_test: point_validate_g1        x10     67036 us/op
00-original,bench bls,False,point_validate_g2,6,99924,,,,,I (37588) bls_test: point_validate_g2        x6      99924 us/op
00-original,bench bls,False,blind (B_=r*Y),6,162830,,,,,I (38568) bls_test: blind (B_=r*Y)           x6     162830 us/op
00-original,bench bls,False,unblind (C=1/r*C_),6,158900,,,,,I (39525) bls_test: unblind (C=1/r*C_)       x6     158900 us/op
00-original,bench bls,False,pairing_verify n=1,3,1286215,,,,,I (45039) bls_test: pairing_verify n=1       x3    1286215 us/op
00-original,bench bls,False,batch_verify n=2,2,1794205,,,,,I (48630) bls_test: batch_verify n=2         x2    1794205 us/op
00-original,bench bls,False,batch_verify n=4,2,2437324,,,,,I (53507) bls_test: batch_verify n=4         x2    2437324 us/op
00-original,bench bls,False,batch_verify n=10,1,4368068,,,,,I (57877) bls_test: batch_verify n=10        x1    4368068 us/op
00-original,bench bls,False,hash_to_g1,10,15630,,,,,I (58055) bls_test: hash_to_g1               x10     15630 us/op
00-original,bench bls,False,g1_scalar_mul,10,22092,,,,,I (58286) bls_test: g1_scalar_mul            x10     22092 us/op
00-original,bench bls,False,point_validate_g1,10,14417,,,,,I (58439) bls_test: point_validate_g1        x10     14417 us/op
00-original,bench bls,False,point_validate_g2,6,23942,,,,,I (58585) bls_test: point_validate_g2        x6      23942 us/op
00-original,bench bls,False,blind (B_=r*Y),6,38116,,,,,I (58820) bls_test: blind (B_=r*Y)           x6      38116 us/op
00-original,bench bls,False,unblind (C=1/r*C_),6,38489,,,,,I (59055) bls_test: unblind (C=1/r*C_)       x6      38489 us/op
00-original,bench bls,False,pairing_verify n=1,3,367685,,,,,I (60571) bls_test: pairing_verify n=1       x3     367685 us/op
00-original,bench bls,False,batch_verify n=2,2,491506,,,,,I (61556) bls_test: batch_verify n=2         x2     491506 us/op
00-original,bench bls,False,batch_verify n=4,2,648052,,,,,I (62855) bls_test: batch_verify n=4         x2     648052 us/op
00-original,bench bls,False,batch_verify n=10,1,1109181,,,,,I (63966) bls_test: batch_verify n=10        x1    1109181 us/op
00-original,bench bls,False,suite_verify n=10 dk,2,1886003,,,,,I (68773) bls_test: suite_verify n=10 dk     x2    1886003 us/op
00-original,bench bls,False,swap crypto n=10 dk,2,4578056,,,,,I (77931) bls_test: swap crypto n=10 dk      x2    4578056 us/op
00-original,bench nutroot,False,keypath_bare,5,23837,23829,,23839,,I (78219) nutroot: keypath_bare             x5  mean    23837 med    23839 min    23829 us
00-original,bench nutroot,False,keypath_tweaked,5,23481,23477,,23482,,I (78493) nutroot: keypath_tweaked          x5  mean    23481 med    23482 min    23477 us
00-original,bench nutroot,False,script_threshold_1of1,5,40539,40539,,40539,,I (78821) nutroot: script_threshold_1of1    x5  mean    40539 med    40539 min    40539 us
00-original,bench nutroot,False,script_threshold_2of3,3,118492,118418,,118418,,I (79444) nutroot: script_threshold_2of3    x3  mean   118492 med   118418 min   118418 us
00-original,bench nutroot,False,script_after_refund,5,40658,40652,,40660,,I (79772) nutroot: script_after_refund      x5  mean    40658 med    40660 min    40652 us
00-original,bench nutroot,False,script_hashlock,5,40331,40319,,40334,,I (80099) nutroot: script_hashlock          x5  mean    40331 med    40334 min    40319 us
00-original,bench nutroot,False,script_multileaf_8,5,40789,40780,,40792,,I (80571) nutroot: script_multileaf_8       x5  mean    40789 med    40792 min    40780 us
00-original,bench nutroot,False,script_multileaf_64,5,41473,41466,,41475,,I (81913) nutroot: script_multileaf_64      x5  mean    41473 med    41475 min    41466 us
00-original,bench nutroot,False,script_p2bk_blinded,5,40344,40340,,40346,,I (82240) nutroot: script_p2bk_blinded      x5  mean    40344 med    40346 min    40340 us
00-original,bench nutroot,False,multi_input_4_keypath,3,89029,89025,,89031,,I (82800) nutroot: multi_input_4_keypath    x3  mean    89029 med    89031 min    89025 us (22257 us/in)
00-original,bench nutroot,False,multi_input_4_script,3,156183,156112,,156112,,I (83750) nutroot: multi_input_4_script     x3  mean   156183 med   156112 min   156112 us (39045 us/in)
00-original,bench nutroot,False,inputs_keypath N=1,3,23789,23784,,23792,,I (83902) nutroot: inputs_keypath N=1       x3  mean    23789 med    23792 min    23784 us (23789 us/in)
00-original,bench nutroot,False,inputs_script N=1,3,40829,40828,,40828,,I (84149) nutroot: inputs_script N=1        x3  mean    40829 med    40828 min    40828 us (40829 us/in)
00-original,bench nutroot,False,inputs_keypath N=4,3,89187,89182,,89190,,I (84709) nutroot: inputs_keypath N=4       x3  mean    89187 med    89190 min    89182 us (22296 us/in)
00-original,bench nutroot,False,inputs_script N=4,3,156102,156039,,156054,,I (85660) nutroot: inputs_script N=4        x3  mean   156102 med   156054 min   156039 us (39025 us/in)
00-original,bench nutroot,False,inputs_keypath N=16,2,347960,347828,,347960,,I (87500) nutroot: inputs_keypath N=16      x2  mean   347960 med   347960 min   347828 us (21747 us/in)
00-original,bench nutroot,False,inputs_script N=16,2,618277,618145,,618277,,I (90643) nutroot: inputs_script N=16       x2  mean   618277 med   618277 min   618145 us (38642 us/in)
00-original,bench nutroot,False,leaves L=1 path=0,3,40497,40496,,40496,,I (90893) nutroot: leaves L=1 path=0        x3  mean    40497 med    40496 min    40496 us
00-original,bench nutroot,False,leaves L=8 path=3,3,40233,40218,,40241,,I (91250) nutroot: leaves L=8 path=3        x3  mean    40233 med    40241 min    40218 us
00-original,bench nutroot,False,leaves L=64 path=6,3,41041,41027,,41048,,I (92508) nutroot: leaves L=64 path=6       x3  mean    41041 med    41048 min    41027 us
00-original,bench nutroot,False,thresh 1-of-1 sv=1,3,41033,41004,,41004,,I (92760) nutroot: thresh 1-of-1 sv=1       x3  mean    41033 med    41004 min    41004 us
00-original,bench nutroot,False,thresh 2-of-3 sv=5,3,119859,119801,,119838,,I (93387) nutroot: thresh 2-of-3 sv=5       x3  mean   119859 med   119838 min   119801 us
00-original,bench nutroot,False,thresh 3-of-5 sv=12,3,252965,250313,,253679,,I (94611) nutroot: thresh 3-of-5 sv=12      x3  mean   252965 med   253679 min   250313 us
00-original,bench nutroot,False,recv verify n=10,2,1887621,1886443,,1887621,,I (100076) nutroot: recv verify n=10         x2  mean  1887621 med  1887621 min  1886443 us
00-original,bench nutroot,False,recv spendinfo n=10,3,166252,166082,,166304,,I (100578) nutroot: recv spendinfo n=10      x3  mean   166252 med   166304 min   166082 us
00-original,bench nutroot,False,swap sign n=10,3,832299,832150,,832345,,I (103078) nutroot: swap sign n=10           x3  mean   832299 med   832345 min   832150 us
00-original,bench nutroot,False,swap blind n=10,3,400488,400369,,400373,,I (104283) nutroot: swap blind n=10          x3  mean   400488 med   400373 min   400369 us
00-original,bench nutroot,False,swap unblind n=10,3,404626,404403,,404694,,I (105500) nutroot: swap unblind n=10        x3  mean   404626 med   404694 min   404403 us
00-original,bench nutroot,False,recv verify out n=10,2,1886203,1886061,,1886203,,I (109275) nutroot: recv verify out n=10     x2  mean  1886203 med  1886203 min  1886061 us
01-mpi-variants,bench mpi,False,mpi unchained x1000,3,7794,,,,,I (30774) bls_test: mpi unchained x1000      x3       7794 us/op
01-mpi-variants,bench mpi,False,mpi chained x1000,3,7612,,,,,I (30799) bls_test: mpi chained x1000        x3       7612 us/op
01-mpi-variants,bench mpi,False,suite_verify n=10 dk,2,1991421,,,,,I (35868) bls_test: suite_verify n=10 dk     x2    1991421 us/op
01-mpi-variants,bench mpi,False,swap crypto n=10 dk,2,4810623,,,,,I (45491) bls_test: swap crypto n=10 dk      x2    4810623 us/op
01-mpi-variants,bench mpi,False,mpi unchained x1000,3,7286,,,,,I (45540) bls_test: mpi unchained x1000      x3       7286 us/op
01-mpi-variants,bench mpi,False,mpi chained x1000,3,7144,,,,,I (45564) bls_test: mpi chained x1000        x3       7144 us/op
01-mpi-variants,bench mpi,False,suite_verify n=10 dk,2,1911920,,,,,I (50410) bls_test: suite_verify n=10 dk     x2    1911920 us/op
01-mpi-variants,bench mpi,False,swap crypto n=10 dk,2,4628272,,,,,I (59668) bls_test: swap crypto n=10 dk      x2    4628272 us/op
01-mpi-variants,bench mpi,False,mpi unchained x1000,3,7383,,,,,I (59717) bls_test: mpi unchained x1000      x3       7383 us/op
01-mpi-variants,bench mpi,False,mpi chained x1000,3,7248,,,,,I (59742) bls_test: mpi chained x1000        x3       7248 us/op
01-mpi-variants,bench mpi,False,suite_verify n=10 dk,2,1894645,,,,,I (64563) bls_test: suite_verify n=10 dk     x2    1894645 us/op
01-mpi-variants,bench mpi,False,swap crypto n=10 dk,2,4660748,,,,,I (73887) bls_test: swap crypto n=10 dk      x2    4660748 us/op
01-mpi-variants,bench mpi,False,mpi unchained x1000,3,7153,,,,,I (73936) bls_test: mpi unchained x1000      x3       7153 us/op
01-mpi-variants,bench mpi,False,mpi chained x1000,3,7020,,,,,I (73960) bls_test: mpi chained x1000        x3       7020 us/op
01-mpi-variants,bench mpi,False,suite_verify n=10 dk,2,1859271,,,,,I (78691) bls_test: suite_verify n=10 dk     x2    1859271 us/op
01-mpi-variants,bench mpi,False,swap crypto n=10 dk,2,4513869,,,,,I (87721) bls_test: swap crypto n=10 dk      x2    4513869 us/op
01-mpi-variants,bench mpi,False,mpi unchained x1000,3,7152,,,,,I (87770) bls_test: mpi unchained x1000      x3       7152 us/op
01-mpi-variants,bench mpi,False,mpi chained x1000,3,7021,,,,,I (87794) bls_test: mpi chained x1000        x3       7021 us/op
01-mpi-variants,bench mpi,False,suite_verify n=10 dk,2,1714188,,,,,I (92155) bls_test: suite_verify n=10 dk     x2    1714188 us/op
01-mpi-variants,bench mpi,False,swap crypto n=10 dk,2,4171987,,,,,I (100501) bls_test: swap crypto n=10 dk      x2    4171987 us/op
01-mpi-variants,bench mpi,False,mpi unchained x1000,3,6740,,,,,I (100547) bls_test: mpi unchained x1000      x3       6740 us/op
01-mpi-variants,bench mpi,False,mpi chained x1000,3,6759,,,,,I (100569) bls_test: mpi chained x1000        x3       6759 us/op
01-mpi-variants,bench mpi,False,suite_verify n=10 dk,2,1651093,,,,,I (104768) bls_test: suite_verify n=10 dk     x2    1651093 us/op
01-mpi-variants,bench mpi,False,swap crypto n=10 dk,2,4006971,,,,,I (112783) bls_test: swap crypto n=10 dk      x2    4006971 us/op
01-mpi-variants,bench mpi,False,mpi unchained x1000,3,7411,,,,,I (112832) bls_test: mpi unchained x1000      x3       7411 us/op
01-mpi-variants,bench mpi,False,mpi chained x1000,3,7020,,,,,I (112856) bls_test: mpi chained x1000        x3       7020 us/op
01-mpi-variants,bench mpi,False,suite_verify n=10 dk,2,1745937,,,,,I (117290) bls_test: suite_verify n=10 dk     x2    1745937 us/op
01-mpi-variants,bench mpi,False,swap crypto n=10 dk,2,4233298,,,,,I (125759) bls_test: swap crypto n=10 dk      x2    4233298 us/op
01-mpi-variants,bench mpi,False,mpi unchained x1000,3,6587,,,,,I (125805) bls_test: mpi unchained x1000      x3       6587 us/op
01-mpi-variants,bench mpi,False,mpi chained x1000,3,5811,,,,,I (125824) bls_test: mpi chained x1000        x3       5811 us/op
01-mpi-variants,bench mpi,False,suite_verify n=10 dk,2,1699188,,,,,I (130136) bls_test: suite_verify n=10 dk     x2    1699188 us/op
01-mpi-variants,bench mpi,False,swap crypto n=10 dk,2,4130683,,,,,I (138400) bls_test: swap crypto n=10 dk      x2    4130683 us/op
01-mpi-variants,bench mpi,False,mpi unchained x1000,3,6141,,,,,I (138446) bls_test: mpi unchained x1000      x3       6141 us/op
01-mpi-variants,bench mpi,False,mpi chained x1000,3,6140,,,,,I (138467) bls_test: mpi chained x1000        x3       6140 us/op
01-mpi-variants,bench mpi,False,suite_verify n=10 dk,2,1651175,,,,,I (142663) bls_test: suite_verify n=10 dk     x2    1651175 us/op
01-mpi-variants,bench mpi,False,swap crypto n=10 dk,2,4005961,,,,,I (150676) bls_test: swap crypto n=10 dk      x2    4005961 us/op
01-mpi-variants,bench nutroot,False,keypath_bare,5,23819,23810,,23824,,I (151031) nutroot: keypath_bare             x5  mean    23819 med    23824 min    23810 us
01-mpi-variants,bench nutroot,False,keypath_tweaked,5,23449,23449,,23449,,I (151304) nutroot: keypath_tweaked          x5  mean    23449 med    23449 min    23449 us
01-mpi-variants,bench nutroot,False,script_threshold_1of1,5,40501,40501,,40501,,I (151632) nutroot: script_threshold_1of1    x5  mean    40501 med    40501 min    40501 us
01-mpi-variants,bench nutroot,False,script_threshold_2of3,3,118239,118229,,118244,,I (152254) nutroot: script_threshold_2of3    x3  mean   118239 med   118244 min   118229 us
01-mpi-variants,bench nutroot,False,script_after_refund,5,40640,40619,,40646,,I (152582) nutroot: script_after_refund      x5  mean    40640 med    40646 min    40619 us
01-mpi-variants,bench nutroot,False,script_hashlock,5,40278,40258,,40284,,I (152909) nutroot: script_hashlock          x5  mean    40278 med    40284 min    40258 us
01-mpi-variants,bench nutroot,False,script_multileaf_8,5,40753,40704,,40707,,I (153380) nutroot: script_multileaf_8       x5  mean    40753 med    40707 min    40704 us
01-mpi-variants,bench nutroot,False,script_multileaf_64,5,41423,41417,,41425,,I (154718) nutroot: script_multileaf_64      x5  mean    41423 med    41425 min    41417 us
01-mpi-variants,bench nutroot,False,script_p2bk_blinded,5,40276,40275,,40277,,I (155045) nutroot: script_p2bk_blinded      x5  mean    40276 med    40277 min    40275 us
01-mpi-variants,bench nutroot,False,multi_input_4_keypath,3,89071,89007,,89007,,I (155604) nutroot: multi_input_4_keypath    x3  mean    89071 med    89007 min    89007 us (22267 us/in)
01-mpi-variants,bench nutroot,False,multi_input_4_script,3,155994,155913,,155918,,I (156553) nutroot: multi_input_4_script     x3  mean   155994 med   155918 min   155913 us (38998 us/in)
01-mpi-variants,bench nutroot,False,inputs_keypath N=1,3,23769,23768,,23768,,I (156705) nutroot: inputs_keypath N=1       x3  mean    23769 med    23768 min    23768 us (23769 us/in)
01-mpi-variants,bench nutroot,False,inputs_script N=1,3,40750,40747,,40752,,I (156951) nutroot: inputs_script N=1        x3  mean    40750 med    40752 min    40747 us (40750 us/in)
01-mpi-variants,bench nutroot,False,inputs_keypath N=4,3,89226,89155,,89161,,I (157510) nutroot: inputs_keypath N=4       x3  mean    89226 med    89161 min    89155 us (22306 us/in)
01-mpi-variants,bench nutroot,False,inputs_script N=4,3,155945,155855,,155857,,I (158458) nutroot: inputs_script N=4        x3  mean   155945 med   155857 min   155855 us (38986 us/in)
01-mpi-variants,bench nutroot,False,inputs_keypath N=16,2,347576,347574,,347576,,I (160296) nutroot: inputs_keypath N=16      x2  mean   347576 med   347576 min   347574 us (21723 us/in)
01-mpi-variants,bench nutroot,False,inputs_script N=16,2,617896,617854,,617896,,I (163434) nutroot: inputs_script N=16       x2  mean   617896 med   617896 min   617854 us (38618 us/in)
01-mpi-variants,bench nutroot,False,leaves L=1 path=0,3,40777,40422,,40909,,I (163689) nutroot: leaves L=1 path=0        x3  mean    40777 med    40909 min    40422 us
01-mpi-variants,bench nutroot,False,leaves L=8 path=3,3,40758,40179,,40189,,I (164050) nutroot: leaves L=8 path=3        x3  mean    40758 med    40189 min    40179 us
01-mpi-variants,bench nutroot,False,leaves L=64 path=6,3,41263,40947,,40949,,I (165315) nutroot: leaves L=64 path=6       x3  mean    41263 med    40949 min    40947 us
01-mpi-variants,bench nutroot,False,thresh 1-of-1 sv=1,3,40985,40955,,40961,,I (165565) nutroot: thresh 1-of-1 sv=1       x3  mean    40985 med    40961 min    40955 us
01-mpi-variants,bench nutroot,False,thresh 2-of-3 sv=5,3,120375,119591,,119668,,I (166194) nutroot: thresh 2-of-3 sv=5       x3  mean   120375 med   119668 min   119591 us
01-mpi-variants,bench nutroot,False,thresh 3-of-5 sv=12,3,250141,250046,,250109,,I (167408) nutroot: thresh 3-of-5 sv=12      x3  mean   250141 med   250109 min   250046 us
01-mpi-variants,bench nutroot,False,recv verify n=10,2,1986360,1986179,,1986360,,I (173094) nutroot: recv verify n=10         x2  mean  1986360 med  1986360 min  1986179 us
01-mpi-variants,bench nutroot,False,recv spendinfo n=10,3,165944,165792,,165988,,I (173595) nutroot: recv spendinfo n=10      x3  mean   165944 med   165988 min   165792 us
01-mpi-variants,bench nutroot,False,swap sign n=10,3,495962,495854,,495936,,I (175086) nutroot: swap sign n=10           x3  mean   495962 med   495936 min   495854 us
01-mpi-variants,bench nutroot,False,swap blind n=10,3,416369,416234,,416275,,I (176338) nutroot: swap blind n=10          x3  mean   416369 med   416275 min   416234 us
01-mpi-variants,bench nutroot,False,swap unblind n=10,3,420558,420363,,420591,,I (177602) nutroot: swap unblind n=10        x3  mean   420558 med   420591 min   420363 us
01-mpi-variants,bench nutroot,False,recv verify out n=10,2,1986615,1986418,,1986615,,I (181577) nutroot: recv verify out n=10     x2  mean  1986615 med  1986615 min  1986418 us
02-field-exp,bench mpi 15,False,mpi unchained x1000,3,6751,,,,,I (16602) bls_test: mpi unchained x1000      x3       6751 us/op
02-field-exp,bench mpi 15,False,mpi chained x1000,3,6757,,,,,I (16624) bls_test: mpi chained x1000        x3       6757 us/op
02-field-exp,bench mpi 15,False,suite_verify n=10 dk,2,1661424,,,,,I (20840) bls_test: suite_verify n=10 dk     x2    1661424 us/op
02-field-exp,bench mpi 15,False,swap crypto n=10 dk,2,4027442,,,,,I (28897) bls_test: swap crypto n=10 dk      x2    4027442 us/op
02-field-exp,bench bls fast,False,hash_to_g1,10,13349,,,,,I (29060) bls_test: hash_to_g1               x10     13349 us/op
02-field-exp,bench bls fast,False,g1_scalar_mul,10,19223,,,,,I (29261) bls_test: g1_scalar_mul            x10     19223 us/op
02-field-exp,bench bls fast,False,fp_sqrt,20,2703,,,,,I (29322) bls_test: fp_sqrt                  x20      2703 us/op
02-field-exp,bench bls fast,False,fp_inverse,20,1135,,,,,I (29363) bls_test: fp_inverse               x20      1135 us/op
02-field-exp,bench bls fast,False,point_validate_g1,10,12256,,,,,I (29496) bls_test: point_validate_g1        x10     12256 us/op
02-field-exp,bench bls fast,False,point_validate_g2,6,20763,,,,,I (29623) bls_test: point_validate_g2        x6      20763 us/op
02-field-exp,bench bls fast,False,blind (B_=r*Y),6,32895,,,,,I (29822) bls_test: blind (B_=r*Y)           x6      32895 us/op
02-field-exp,bench bls fast,False,unblind (C=1/r*C_),6,33493,,,,,I (30027) bls_test: unblind (C=1/r*C_)       x6      33493 us/op
02-field-exp,bench bls fast,False,pairing_verify n=1,3,331925,,,,,I (31377) bls_test: pairing_verify n=1       x3     331925 us/op
02-field-exp,bench bls fast,False,batch_verify n=2,2,447499,,,,,I (32275) bls_test: batch_verify n=2         x2     447499 us/op
02-field-exp,bench bls fast,False,batch_verify n=4,2,574381,,,,,I (33426) bls_test: batch_verify n=4         x2     574381 us/op
02-field-exp,bench bls fast,False,batch_verify n=10,1,964508,,,,,I (34393) bls_test: batch_verify n=10        x1     964508 us/op
02-field-exp,bench bls fast,False,suite_verify n=10 dk,2,1661786,,,,,I (38609) bls_test: suite_verify n=10 dk     x2    1661786 us/op
02-field-exp,bench bls fast,False,swap crypto n=10 dk,2,4027427,,,,,I (46666) bls_test: swap crypto n=10 dk      x2    4027427 us/op
02-field-exp,bench mpi 79,False,mpi unchained x1000,3,6748,,,,,I (47169) bls_test: mpi unchained x1000      x3       6748 us/op
02-field-exp,bench mpi 79,False,mpi chained x1000,3,6757,,,,,I (47191) bls_test: mpi chained x1000        x3       6757 us/op
02-field-exp,bench mpi 79,False,suite_verify n=10 dk,2,1597256,,,,,I (51229) bls_test: suite_verify n=10 dk     x2    1597256 us/op
02-field-exp,bench mpi 79,False,swap crypto n=10 dk,2,3859678,,,,,I (58950) bls_test: swap crypto n=10 dk      x2    3859678 us/op
02-field-exp,bench bls fast,False,hash_to_g1,10,10761,,,,,I (71888) bls_test: hash_to_g1               x10     10761 us/op
02-field-exp,bench bls fast,False,g1_scalar_mul,10,19224,,,,,I (72089) bls_test: g1_scalar_mul            x10     19224 us/op
02-field-exp,bench bls fast,False,fp_sqrt,20,1430,,,,,I (72130) bls_test: fp_sqrt                  x20      1430 us/op
02-field-exp,bench bls fast,False,fp_inverse,20,1131,,,,,I (72171) bls_test: fp_inverse               x20      1131 us/op
02-field-exp,bench bls fast,False,point_validate_g1,10,10956,,,,,I (72284) bls_test: point_validate_g1        x10     10956 us/op
02-field-exp,bench bls fast,False,point_validate_g2,6,18131,,,,,I (72399) bls_test: point_validate_g2        x6      18131 us/op
02-field-exp,bench bls fast,False,blind (B_=r*Y),6,30332,,,,,I (72586) bls_test: blind (B_=r*Y)           x6      30332 us/op
02-field-exp,bench bls fast,False,unblind (C=1/r*C_),6,32178,,,,,I (72785) bls_test: unblind (C=1/r*C_)       x6      32178 us/op
02-field-exp,bench bls fast,False,pairing_verify n=1,3,325518,,,,,I (74094) bls_test: pairing_verify n=1       x3     325518 us/op
02-field-exp,bench bls fast,False,batch_verify n=2,2,429253,,,,,I (74954) bls_test: batch_verify n=2         x2     429253 us/op
02-field-exp,bench bls fast,False,batch_verify n=4,2,551650,,,,,I (76060) bls_test: batch_verify n=4         x2     551650 us/op
02-field-exp,bench bls fast,False,batch_verify n=10,1,919827,,,,,I (76981) bls_test: batch_verify n=10        x1     919827 us/op
02-field-exp,bench bls fast,False,suite_verify n=10 dk,2,1597429,,,,,I (81019) bls_test: suite_verify n=10 dk     x2    1597429 us/op
02-field-exp,bench bls fast,False,swap crypto n=10 dk,2,3860117,,,,,I (88742) bls_test: swap crypto n=10 dk      x2    3860117 us/op
02-field-exp,bench mpi 143,False,mpi unchained x1000,3,6753,,,,,I (89243) bls_test: mpi unchained x1000      x3       6753 us/op
02-field-exp,bench mpi 143,False,mpi chained x1000,3,6762,,,,,I (89265) bls_test: mpi chained x1000        x3       6762 us/op
02-field-exp,bench mpi 143,False,suite_verify n=10 dk,2,1659967,,,,,I (93477) bls_test: suite_verify n=10 dk     x2    1659967 us/op
02-field-exp,bench mpi 143,False,swap crypto n=10 dk,2,4022058,,,,,I (101524) bls_test: swap crypto n=10 dk      x2    4022058 us/op
02-field-exp,bench bls fast,False,hash_to_g1,10,13540,,,,,I (101724) bls_test: hash_to_g1               x10     13540 us/op
02-field-exp,bench bls fast,False,g1_scalar_mul,10,19613,,,,,I (101928) bls_test: g1_scalar_mul            x10     19613 us/op
02-field-exp,bench bls fast,False,fp_sqrt,20,2703,,,,,I (101989) bls_test: fp_sqrt                  x20      2703 us/op
02-field-exp,bench bls fast,False,fp_inverse,20,1449,,,,,I (102030) bls_test: fp_inverse               x20      1449 us/op
02-field-exp,bench bls fast,False,point_validate_g1,10,12469,,,,,I (102164) bls_test: point_validate_g1        x10     12469 us/op
02-field-exp,bench bls fast,False,point_validate_g2,6,21186,,,,,I (102294) bls_test: point_validate_g2        x6      21186 us/op
02-field-exp,bench bls fast,False,blind (B_=r*Y),6,33583,,,,,I (102499) bls_test: blind (B_=r*Y)           x6      33583 us/op
02-field-exp,bench bls fast,False,unblind (C=1/r*C_),6,33809,,,,,I (102706) bls_test: unblind (C=1/r*C_)       x6      33809 us/op
02-field-exp,bench bls fast,False,pairing_verify n=1,3,331788,,,,,I (104057) bls_test: pairing_verify n=1       x3     331788 us/op
02-field-exp,bench bls fast,False,batch_verify n=2,2,438079,,,,,I (104935) bls_test: batch_verify n=2         x2     438079 us/op
02-field-exp,bench bls fast,False,batch_verify n=4,2,568449,,,,,I (106074) bls_test: batch_verify n=4         x2     568449 us/op
02-field-exp,bench bls fast,False,batch_verify n=10,1,960691,,,,,I (107036) bls_test: batch_verify n=10        x1     960691 us/op
02-field-exp,bench bls fast,False,suite_verify n=10 dk,2,1659845,,,,,I (111248) bls_test: suite_verify n=10 dk     x2    1659845 us/op
02-field-exp,bench bls fast,False,swap crypto n=10 dk,2,4023220,,,,,I (119297) bls_test: swap crypto n=10 dk      x2    4023220 us/op
02-field-exp,bench mpi 271,False,mpi unchained x1000,3,6748,,,,,I (119791) bls_test: mpi unchained x1000      x3       6748 us/op
02-field-exp,bench mpi 271,False,mpi chained x1000,3,6760,,,,,I (119813) bls_test: mpi chained x1000        x3       6760 us/op
02-field-exp,bench mpi 271,False,suite_verify n=10 dk,2,1671011,,,,,I (124057) bls_test: suite_verify n=10 dk     x2    1671011 us/op
02-field-exp,bench mpi 271,False,swap crypto n=10 dk,2,4050067,,,,,I (132160) bls_test: swap crypto n=10 dk      x2    4050067 us/op
02-field-exp,bench bls fast,False,hash_to_g1,10,14027,,,,,I (132420) bls_test: hash_to_g1               x10     14027 us/op
02-field-exp,bench bls fast,False,g1_scalar_mul,10,19428,,,,,I (132622) bls_test: g1_scalar_mul            x10     19428 us/op
02-field-exp,bench bls fast,False,fp_sqrt,20,2912,,,,,I (132686) bls_test: fp_sqrt                  x20      2912 us/op
02-field-exp,bench bls fast,False,fp_inverse,20,1132,,,,,I (132727) bls_test: fp_inverse               x20      1132 us/op
02-field-exp,bench bls fast,False,point_validate_g1,10,12819,,,,,I (132862) bls_test: point_validate_g1        x10     12819 us/op
02-field-exp,bench bls fast,False,point_validate_g2,6,21484,,,,,I (132996) bls_test: point_validate_g2        x6      21484 us/op
02-field-exp,bench bls fast,False,blind (B_=r*Y),6,33834,,,,,I (133204) bls_test: blind (B_=r*Y)           x6      33834 us/op
02-field-exp,bench bls fast,False,unblind (C=1/r*C_),6,34370,,,,,I (133413) bls_test: unblind (C=1/r*C_)       x6      34370 us/op
02-field-exp,bench bls fast,False,pairing_verify n=1,3,335192,,,,,I (134782) bls_test: pairing_verify n=1       x3     335192 us/op
02-field-exp,bench bls fast,False,batch_verify n=2,2,441230,,,,,I (135667) bls_test: batch_verify n=2         x2     441230 us/op
02-field-exp,bench bls fast,False,batch_verify n=4,2,572860,,,,,I (136814) bls_test: batch_verify n=4         x2     572860 us/op
02-field-exp,bench bls fast,False,batch_verify n=10,1,969261,,,,,I (137785) bls_test: batch_verify n=10        x1     969261 us/op
02-field-exp,bench bls fast,False,suite_verify n=10 dk,2,1670618,,,,,I (142028) bls_test: suite_verify n=10 dk     x2    1670618 us/op
02-field-exp,bench bls fast,False,swap crypto n=10 dk,2,4050159,,,,,I (150130) bls_test: swap crypto n=10 dk      x2    4050159 us/op
02-field-exp,bench mpi 207,False,mpi unchained x1000,3,6753,,,,,I (150695) bls_test: mpi unchained x1000      x3       6753 us/op
02-field-exp,bench mpi 207,False,mpi chained x1000,3,6757,,,,,I (150717) bls_test: mpi chained x1000        x3       6757 us/op
02-field-exp,bench mpi 207,False,suite_verify n=10 dk,2,1594379,,,,,I (154748) bls_test: suite_verify n=10 dk     x2    1594379 us/op
02-field-exp,bench mpi 207,False,swap crypto n=10 dk,2,3850668,,,,,I (162451) bls_test: swap crypto n=10 dk      x2    3850668 us/op
02-field-exp,bench bls fast,False,hash_to_g1,10,10931,,,,,I (162700) bls_test: hash_to_g1               x10     10931 us/op
02-field-exp,bench bls fast,False,g1_scalar_mul,10,19421,,,,,I (162902) bls_test: g1_scalar_mul            x10     19421 us/op
02-field-exp,bench bls fast,False,fp_sqrt,20,1474,,,,,I (162944) bls_test: fp_sqrt                  x20      1474 us/op
02-field-exp,bench bls fast,False,fp_inverse,20,1421,,,,,I (162985) bls_test: fp_inverse               x20      1421 us/op
02-field-exp,bench bls fast,False,point_validate_g1,10,11169,,,,,I (163101) bls_test: point_validate_g1        x10     11169 us/op
02-field-exp,bench bls fast,False,point_validate_g2,6,18209,,,,,I (163217) bls_test: point_validate_g2        x6      18209 us/op
02-field-exp,bench bls fast,False,blind (B_=r*Y),6,30737,,,,,I (163406) bls_test: blind (B_=r*Y)           x6      30737 us/op
02-field-exp,bench bls fast,False,unblind (C=1/r*C_),6,32551,,,,,I (163606) bls_test: unblind (C=1/r*C_)       x6      32551 us/op
02-field-exp,bench bls fast,False,pairing_verify n=1,3,324498,,,,,I (164914) bls_test: pairing_verify n=1       x3     324498 us/op
02-field-exp,bench bls fast,False,batch_verify n=2,2,427507,,,,,I (165771) bls_test: batch_verify n=2         x2     427507 us/op
02-field-exp,bench bls fast,False,batch_verify n=4,2,550168,,,,,I (166873) bls_test: batch_verify n=4         x2     550168 us/op
02-field-exp,bench bls fast,False,batch_verify n=10,1,918439,,,,,I (167793) bls_test: batch_verify n=10        x1     918439 us/op
02-field-exp,bench bls fast,False,suite_verify n=10 dk,2,1594639,,,,,I (171824) bls_test: suite_verify n=10 dk     x2    1594639 us/op
02-field-exp,bench bls fast,False,swap crypto n=10 dk,2,3851024,,,,,I (179528) bls_test: swap crypto n=10 dk      x2    3851024 us/op
02-field-exp,bench mpi 463,False,mpi unchained x1000,3,6750,,,,,I (180119) bls_test: mpi unchained x1000      x3       6750 us/op
02-field-exp,bench mpi 463,False,mpi chained x1000,3,6758,,,,,I (180141) bls_test: mpi chained x1000        x3       6758 us/op
02-field-exp,bench mpi 463,False,suite_verify n=10 dk,2,1594791,,,,,I (184173) bls_test: suite_verify n=10 dk     x2    1594791 us/op
02-field-exp,bench mpi 463,False,swap crypto n=10 dk,2,3850342,,,,,I (191876) bls_test: swap crypto n=10 dk      x2    3850342 us/op
02-field-exp,bench bls fast,False,hash_to_g1,10,10765,,,,,I (192118) bls_test: hash_to_g1               x10     10765 us/op
02-field-exp,bench bls fast,False,g1_scalar_mul,10,19224,,,,,I (192319) bls_test: g1_scalar_mul            x10     19224 us/op
02-field-exp,bench bls fast,False,fp_sqrt,20,1430,,,,,I (192360) bls_test: fp_sqrt                  x20      1430 us/op
02-field-exp,bench bls fast,False,fp_inverse,20,1420,,,,,I (192401) bls_test: fp_inverse               x20      1420 us/op
02-field-exp,bench bls fast,False,point_validate_g1,10,11102,,,,,I (192519) bls_test: point_validate_g1        x10     11102 us/op
02-field-exp,bench bls fast,False,point_validate_g2,6,18607,,,,,I (192636) bls_test: point_validate_g2        x6      18607 us/op
02-field-exp,bench bls fast,False,blind (B_=r*Y),6,30638,,,,,I (192825) bls_test: blind (B_=r*Y)           x6      30638 us/op
02-field-exp,bench bls fast,False,unblind (C=1/r*C_),6,32770,,,,,I (193027) bls_test: unblind (C=1/r*C_)       x6      32770 us/op
02-field-exp,bench bls fast,False,pairing_verify n=1,3,327008,,,,,I (194344) bls_test: pairing_verify n=1       x3     327008 us/op
02-field-exp,bench bls fast,False,batch_verify n=2,2,430160,,,,,I (195207) bls_test: batch_verify n=2         x2     430160 us/op
02-field-exp,bench bls fast,False,batch_verify n=4,2,550048,,,,,I (196309) bls_test: batch_verify n=4         x2     550048 us/op
02-field-exp,bench bls fast,False,batch_verify n=10,1,918797,,,,,I (197229) bls_test: batch_verify n=10        x1     918797 us/op
02-field-exp,bench bls fast,False,suite_verify n=10 dk,2,1594284,,,,,I (201260) bls_test: suite_verify n=10 dk     x2    1594284 us/op
02-field-exp,bench bls fast,False,swap crypto n=10 dk,2,3850047,,,,,I (208962) bls_test: swap crypto n=10 dk      x2    3850047 us/op
03-verifier,bench mpi 79,True,mpi unchained x1000,3,6769,,,,,I (16597) bls_test: mpi unchained x1000      x3       6769 us/op
03-verifier,bench mpi 79,True,mpi chained x1000,3,6789,,,,,I (16619) bls_test: mpi chained x1000        x3       6789 us/op
03-verifier,bench mpi 79,True,suite_verify n=10 dk,2,1595059,,,,,I (20652) bls_test: suite_verify n=10 dk     x2    1595059 us/op
03-verifier,bench mpi 79,True,swap crypto n=10 dk,2,3856138,,,,,I (28366) bls_test: swap crypto n=10 dk      x2    3856138 us/op
03-verifier,bench verify 0 4,True,suite_verify n=10 dk,2,1595423,,,,,I (32543) bls_test: suite_verify n=10 dk     x2    1595423 us/op
03-verifier,bench verify 0 4,True,swap crypto n=10 dk,2,3868930,,,,,I (40283) bls_test: swap crypto n=10 dk      x2    3868930 us/op
03-verifier,bench verify 1 4,True,suite_verify n=10 dk,2,1584638,,,,,I (44414) bls_test: suite_verify n=10 dk     x2    1584638 us/op
03-verifier,bench verify 1 4,True,swap crypto n=10 dk,2,3834063,,,,,I (52084) bls_test: swap crypto n=10 dk      x2    3834063 us/op
03-verifier,bench verify 1 8,True,suite_verify n=10 dk,2,1549960,,,,,I (56036) bls_test: suite_verify n=10 dk     x2    1549960 us/op
03-verifier,bench verify 1 8,True,swap crypto n=10 dk,2,3765127,,,,,I (63568) bls_test: swap crypto n=10 dk      x2    3765127 us/op
03-verifier,bench verify 1 11,True,suite_verify n=10 dk,2,1528821,,,,,I (67555) bls_test: suite_verify n=10 dk     x2    1528821 us/op
03-verifier,bench verify 1 11,True,swap crypto n=10 dk,2,3695809,,,,,I (74948) bls_test: swap crypto n=10 dk      x2    3695809 us/op
03-verifier,bench verify 1 16,True,suite_verify n=10 dk,2,1515201,,,,,I (78930) bls_test: suite_verify n=10 dk     x2    1515201 us/op
03-verifier,bench verify 1 16,True,swap crypto n=10 dk,2,3696397,,,,,I (86325) bls_test: swap crypto n=10 dk      x2    3696397 us/op
03-verifier,bench verify 3 11,True,suite_verify cold n=10,1,1515573,,,,,"I (88833) bls_test: suite_verify cold n=10: 1515573 us, valid=1"
03-verifier,bench verify 3 11,True,suite_verify n=10 dk,2,1331142,,,,,I (91508) bls_test: suite_verify n=10 dk     x2    1331142 us/op
03-verifier,bench verify 3 11,True,swap crypto n=10 dk,2,3339459,,,,,I (98189) bls_test: swap crypto n=10 dk      x2    3339459 us/op
03-verifier,bench verify 9 11,True,suite_verify n=10 dk,2,1441968,,,,,I (102072) bls_test: suite_verify n=10 dk     x2    1441968 us/op
03-verifier,bench verify 9 11,True,swap crypto n=10 dk,2,3553571,,,,,I (109181) bls_test: swap crypto n=10 dk      x2    3553571 us/op
03-verifier,bench verify 17 11,True,suite_verify n=10 dk,2,1419845,,,,,I (112970) bls_test: suite_verify n=10 dk     x2    1419845 us/op
03-verifier,bench verify 17 11,True,swap crypto n=10 dk,2,3504601,,,,,I (119981) bls_test: swap crypto n=10 dk      x2    3504601 us/op
03-verifier,bench verify 33 11,True,suite_verify n=10 dk,2,1504770,,,,,I (123905) bls_test: suite_verify n=10 dk     x2    1504770 us/op
03-verifier,bench verify 33 11,True,swap crypto n=10 dk,2,3685254,,,,,I (131278) bls_test: swap crypto n=10 dk      x2    3685254 us/op
03-verifier,bench verify 43 11,True,suite_verify cold n=10,1,1431738,,,,,"I (133694) bls_test: suite_verify cold n=10: 1431738 us, valid=1"
03-verifier,bench verify 43 11,True,suite_verify n=10 dk,2,1245830,,,,,I (136198) bls_test: suite_verify n=10 dk     x2    1245830 us/op
03-verifier,bench verify 43 11,True,swap crypto n=10 dk,2,3158667,,,,,I (142517) bls_test: swap crypto n=10 dk      x2    3158667 us/op
03-verifier,bench verify 51 11,True,suite_verify cold n=10,1,1409316,,,,,"I (144906) bls_test: suite_verify cold n=10: 1409316 us, valid=1"
03-verifier,bench verify 51 11,True,suite_verify n=10 dk,2,1224983,,,,,I (147368) bls_test: suite_verify n=10 dk     x2    1224983 us/op
03-verifier,bench verify 51 11,True,swap crypto n=10 dk,2,3115412,,,,,I (153600) bls_test: swap crypto n=10 dk      x2    3115412 us/op
03-verifier,bench verify 55 11,True,suite_verify cold n=10,1,1409316,,,,,"I (155968) bls_test: suite_verify cold n=10: 1409316 us, valid=1"
03-verifier,bench verify 55 11,True,suite_verify n=10 dk,2,1225061,,,,,I (158430) bls_test: suite_verify n=10 dk     x2    1225061 us/op
03-verifier,bench verify 55 11,True,swap crypto n=10 dk,2,3130140,,,,,I (164692) bls_test: swap crypto n=10 dk      x2    3130140 us/op
03-verifier,bench nutroot opt=0,True,keypath_bare,5,23753,23744,,23756,,I (175842) nutroot: keypath_bare             x5  mean    23753 med    23756 min    23744 us
03-verifier,bench nutroot opt=0,True,keypath_tweaked,5,23402,23392,,23405,,I (176116) nutroot: keypath_tweaked          x5  mean    23402 med    23405 min    23392 us
03-verifier,bench nutroot opt=0,True,script_threshold_1of1,5,40514,40428,,40470,,I (176444) nutroot: script_threshold_1of1    x5  mean    40514 med    40470 min    40428 us
03-verifier,bench nutroot opt=0,True,script_threshold_2of3,3,118163,118147,,118172,,I (177067) nutroot: script_threshold_2of3    x3  mean   118163 med   118172 min   118147 us
03-verifier,bench nutroot opt=0,True,script_after_refund,5,40606,40540,,40567,,I (177395) nutroot: script_after_refund      x5  mean    40606 med    40567 min    40540 us
03-verifier,bench nutroot opt=0,True,script_hashlock,5,40230,40211,,40235,,I (177722) nutroot: script_hashlock          x5  mean    40230 med    40235 min    40211 us
03-verifier,bench nutroot opt=0,True,script_multileaf_8,5,40695,40688,,40697,,I (178194) nutroot: script_multileaf_8       x5  mean    40695 med    40697 min    40688 us
03-verifier,bench nutroot opt=0,True,script_multileaf_64,5,41445,41408,,41408,,I (179537) nutroot: script_multileaf_64      x5  mean    41445 med    41408 min    41408 us
03-verifier,bench nutroot opt=0,True,script_p2bk_blinded,5,40242,40231,,40245,,I (179864) nutroot: script_p2bk_blinded      x5  mean    40242 med    40245 min    40231 us
03-verifier,bench nutroot opt=0,True,multi_input_4_keypath,3,88996,88829,,88853,,I (180422) nutroot: multi_input_4_keypath    x3  mean    88996 med    88853 min    88829 us (22249 us/in)
03-verifier,bench nutroot opt=0,True,multi_input_4_script,3,155800,155713,,155730,,I (181370) nutroot: multi_input_4_script     x3  mean   155800 med   155730 min   155713 us (38950 us/in)
03-verifier,bench nutroot opt=0,True,inputs_keypath N=1,3,23720,23715,,23723,,I (181522) nutroot: inputs_keypath N=1       x3  mean    23720 med    23723 min    23715 us (23720 us/in)
03-verifier,bench nutroot opt=0,True,inputs_script N=1,3,40739,40727,,40745,,I (181769) nutroot: inputs_script N=1        x3  mean    40739 med    40745 min    40727 us (40739 us/in)
03-verifier,bench nutroot opt=0,True,inputs_keypath N=4,3,88961,88951,,88957,,I (182327) nutroot: inputs_keypath N=4       x3  mean    88961 med    88957 min    88951 us (22240 us/in)
03-verifier,bench nutroot opt=0,True,inputs_script N=4,3,155683,155674,,155682,,I (183275) nutroot: inputs_script N=4        x3  mean   155683 med   155682 min   155674 us (38920 us/in)
03-verifier,bench nutroot opt=0,True,inputs_keypath N=16,2,347325,347325,,347325,,I (185115) nutroot: inputs_keypath N=16      x2  mean   347325 med   347325 min   347325 us (21707 us/in)
03-verifier,bench nutroot opt=0,True,inputs_script N=16,2,617159,617051,,617159,,I (188257) nutroot: inputs_script N=16       x2  mean   617159 med   617159 min   617051 us (38572 us/in)
03-verifier,bench nutroot opt=0,True,leaves L=1 path=0,3,40367,40343,,40379,,I (188507) nutroot: leaves L=1 path=0        x3  mean    40367 med    40379 min    40343 us
03-verifier,bench nutroot opt=0,True,leaves L=8 path=3,3,40155,40141,,40162,,I (188864) nutroot: leaves L=8 path=3        x3  mean    40155 med    40162 min    40141 us
03-verifier,bench nutroot opt=0,True,leaves L=64 path=6,3,40903,40902,,40902,,I (190122) nutroot: leaves L=64 path=6       x3  mean    40903 med    40902 min    40902 us
03-verifier,bench nutroot opt=0,True,thresh 1-of-1 sv=1,3,41015,40889,,41000,,I (190373) nutroot: thresh 1-of-1 sv=1       x3  mean    41015 med    41000 min    40889 us
03-verifier,bench nutroot opt=0,True,thresh 2-of-3 sv=5,3,119539,119504,,119504,,I (191000) nutroot: thresh 2-of-3 sv=5       x3  mean   119539 med   119504 min   119504 us
03-verifier,bench nutroot opt=0,True,thresh 3-of-5 sv=12,3,249898,249861,,249911,,I (192213) nutroot: thresh 3-of-5 sv=12      x3  mean   249898 med   249911 min   249861 us
03-verifier,bench nutroot opt=0,True,recv verify n=10,2,1232023,1228821,,1232023,,I (196181) nutroot: recv verify n=10         x2  mean  1232023 med  1232023 min  1228821 us
03-verifier,bench nutroot opt=0,True,recv spendinfo n=10,3,165780,165623,,165760,,I (196681) nutroot: recv spendinfo n=10      x3  mean   165780 med   165760 min   165623 us
03-verifier,bench nutroot opt=0,True,swap sign n=10,3,498183,498080,,498143,,I (198179) nutroot: swap sign n=10           x3  mean   498183 med   498143 min   498080 us
03-verifier,bench nutroot opt=0,True,swap blind n=10,3,323187,323075,,323102,,I (199152) nutroot: swap blind n=10          x3  mean   323187 med   323102 min   323075 us
03-verifier,bench nutroot opt=0,True,swap unblind n=10,3,341126,341001,,341008,,I (200179) nutroot: swap unblind n=10        x3  mean   341126 med   341008 min   341001 us
03-verifier,bench nutroot opt=0,True,recv verify out n=10,2,1225694,1225680,,1225694,,I (202632) nutroot: recv verify out n=10     x2  mean  1225694 med  1225694 min  1225680 us
03-verifier,bench nutroot opt=1,True,keypath_bare,5,23752,23738,,23756,,I (202862) nutroot: keypath_bare             x5  mean    23752 med    23756 min    23738 us
03-verifier,bench nutroot opt=1,True,keypath_tweaked,5,23402,23392,,23405,,I (203136) nutroot: keypath_tweaked          x5  mean    23402 med    23405 min    23392 us
03-verifier,bench nutroot opt=1,True,script_threshold_1of1,5,40530,40488,,40488,,I (203464) nutroot: script_threshold_1of1    x5  mean    40530 med    40488 min    40488 us
03-verifier,bench nutroot opt=1,True,script_threshold_2of3,3,117969,117959,,117973,,I (204084) nutroot: script_threshold_2of3    x3  mean   117969 med   117973 min   117959 us
03-verifier,bench nutroot opt=1,True,script_after_refund,5,40637,40576,,40604,,I (204412) nutroot: script_after_refund      x5  mean    40637 med    40604 min    40576 us
03-verifier,bench nutroot opt=1,True,script_hashlock,5,40229,40210,,40234,,I (204739) nutroot: script_hashlock          x5  mean    40229 med    40234 min    40210 us
03-verifier,bench nutroot opt=1,True,script_multileaf_8,5,40709,40705,,40711,,I (205211) nutroot: script_multileaf_8       x5  mean    40709 med    40711 min    40705 us
03-verifier,bench nutroot opt=1,True,script_multileaf_64,5,41462,41417,,41417,,I (206554) nutroot: script_multileaf_64      x5  mean    41462 med    41417 min    41417 us
03-verifier,bench nutroot opt=1,True,script_p2bk_blinded,5,40252,40236,,40257,,I (206881) nutroot: script_p2bk_blinded      x5  mean    40252 med    40257 min    40236 us
03-verifier,bench nutroot opt=1,True,multi_input_4_keypath,3,88929,88829,,88853,,I (207438) nutroot: multi_input_4_keypath    x3  mean    88929 med    88853 min    88829 us (22232 us/in)
03-verifier,bench nutroot opt=1,True,multi_input_4_script,3,155876,155783,,155806,,I (208387) nutroot: multi_input_4_script     x3  mean   155876 med   155806 min   155783 us (38969 us/in)
03-verifier,bench nutroot opt=1,True,inputs_keypath N=1,3,23723,23723,,23723,,I (208539) nutroot: inputs_keypath N=1       x3  mean    23723 med    23723 min    23723 us (23723 us/in)
03-verifier,bench nutroot opt=1,True,inputs_script N=1,3,40757,40755,,40758,,I (208786) nutroot: inputs_script N=1        x3  mean    40757 med    40758 min    40755 us (40757 us/in)
03-verifier,bench nutroot opt=1,True,inputs_keypath N=4,3,88961,88951,,88957,,I (209344) nutroot: inputs_keypath N=4       x3  mean    88961 med    88957 min    88951 us (22240 us/in)
03-verifier,bench nutroot opt=1,True,inputs_script N=4,3,155789,155771,,155798,,I (210292) nutroot: inputs_script N=4        x3  mean   155789 med   155798 min   155771 us (38947 us/in)
03-verifier,bench nutroot opt=1,True,inputs_keypath N=16,2,347325,347325,,347325,,I (212132) nutroot: inputs_keypath N=16      x2  mean   347325 med   347325 min   347325 us (21707 us/in)
03-verifier,bench nutroot opt=1,True,inputs_script N=16,2,617504,617389,,617504,,I (215275) nutroot: inputs_script N=16       x2  mean   617504 med   617504 min   617389 us (38594 us/in)
03-verifier,bench nutroot opt=1,True,leaves L=1 path=0,3,40383,40366,,40392,,I (215525) nutroot: leaves L=1 path=0        x3  mean    40383 med    40392 min    40366 us
03-verifier,bench nutroot opt=1,True,leaves L=8 path=3,3,40178,40165,,40185,,I (215882) nutroot: leaves L=8 path=3        x3  mean    40178 med    40185 min    40165 us
03-verifier,bench nutroot opt=1,True,leaves L=64 path=6,3,40939,40939,,40939,,I (217139) nutroot: leaves L=64 path=6       x3  mean    40939 med    40939 min    40939 us
03-verifier,bench nutroot opt=1,True,thresh 1-of-1 sv=1,3,41034,40916,,41027,,I (217390) nutroot: thresh 1-of-1 sv=1       x3  mean    41034 med    41027 min    40916 us
03-verifier,bench nutroot opt=1,True,thresh 2-of-3 sv=3,3,81452,81412,,81412,,I (217865) nutroot: thresh 2-of-3 sv=3       x3  mean    81452 med    81412 min    81412 us
03-verifier,bench nutroot opt=1,True,thresh 3-of-5 sv=6,3,139886,139765,,139775,,I (218638) nutroot: thresh 3-of-5 sv=6       x3  mean   139886 med   139775 min   139765 us
03-verifier,bench nutroot opt=1,True,recv verify n=10,2,1225527,1225457,,1225527,,I (222576) nutroot: recv verify n=10         x2  mean  1225527 med  1225527 min  1225457 us
03-verifier,bench nutroot opt=1,True,recv spendinfo n=10,3,165747,165638,,165648,,I (223076) nutroot: recv spendinfo n=10      x3  mean   165747 med   165648 min   165638 us
03-verifier,bench nutroot opt=1,True,swap sign n=10,3,503251,498381,,505458,,I (224590) nutroot: swap sign n=10           x3  mean   503251 med   505458 min   498381 us
03-verifier,bench nutroot opt=1,True,swap blind n=10,3,324930,323086,,324346,,I (225568) nutroot: swap blind n=10          x3  mean   324930 med   324346 min   323086 us
03-verifier,bench nutroot opt=1,True,swap unblind n=10,3,342394,341287,,342326,,I (226598) nutroot: swap unblind n=10        x3  mean   342394 med   342326 min   341287 us
03-verifier,bench nutroot opt=1,True,recv verify out n=10,2,1225635,1225620,,1225635,,I (229052) nutroot: recv verify out n=10     x2  mean  1225635 med  1225635 min  1225620 us
03-verifier,bench nutroot opt=3,True,keypath_bare,5,23808,23745,,23756,,I (229424) nutroot: keypath_bare             x5  mean    23808 med    23756 min    23745 us
03-verifier,bench nutroot opt=3,True,keypath_tweaked,5,23402,23392,,23405,,I (229698) nutroot: keypath_tweaked          x5  mean    23402 med    23405 min    23392 us
03-verifier,bench nutroot opt=3,True,script_threshold_1of1,5,40485,40483,,40486,,I (230026) nutroot: script_threshold_1of1    x5  mean    40485 med    40486 min    40483 us
03-verifier,bench nutroot opt=3,True,script_threshold_2of3,3,118023,117948,,117948,,I (230646) nutroot: script_threshold_2of3    x3  mean   118023 med   117948 min   117948 us
03-verifier,bench nutroot opt=3,True,script_after_refund,5,40592,40574,,40597,,I (230974) nutroot: script_after_refund      x5  mean    40592 med    40597 min    40574 us
03-verifier,bench nutroot opt=3,True,script_hashlock,5,40227,40207,,40232,,I (231301) nutroot: script_hashlock          x5  mean    40227 med    40232 min    40207 us
03-verifier,bench nutroot opt=3,True,script_multileaf_8,5,40706,40698,,40709,,I (231773) nutroot: script_multileaf_8       x5  mean    40706 med    40709 min    40698 us
03-verifier,bench nutroot opt=3,True,script_multileaf_64,5,41409,41385,,41415,,I (233116) nutroot: script_multileaf_64      x5  mean    41409 med    41415 min    41385 us
03-verifier,bench nutroot opt=3,True,script_p2bk_blinded,5,40297,40232,,40255,,I (233443) nutroot: script_p2bk_blinded      x5  mean    40297 med    40255 min    40232 us
03-verifier,bench nutroot opt=3,True,multi_input_4_keypath,3,88845,88829,,88853,,I (234000) nutroot: multi_input_4_keypath    x3  mean    88845 med    88853 min    88829 us (22211 us/in)
03-verifier,bench nutroot opt=3,True,multi_input_4_script,3,155793,155784,,155798,,I (234949) nutroot: multi_input_4_script     x3  mean   155793 med   155798 min   155784 us (38948 us/in)
03-verifier,bench nutroot opt=3,True,inputs_keypath N=1,3,23723,23723,,23723,,I (235101) nutroot: inputs_keypath N=1       x3  mean    23723 med    23723 min    23723 us (23723 us/in)
03-verifier,bench nutroot opt=3,True,inputs_script N=1,3,40754,40751,,40756,,I (235348) nutroot: inputs_script N=1        x3  mean    40754 med    40756 min    40751 us (40754 us/in)
03-verifier,bench nutroot opt=3,True,inputs_keypath N=4,3,88961,88951,,88957,,I (235906) nutroot: inputs_keypath N=4       x3  mean    88961 med    88957 min    88951 us (22240 us/in)
03-verifier,bench nutroot opt=3,True,inputs_script N=4,3,155783,155767,,155792,,I (236855) nutroot: inputs_script N=4        x3  mean   155783 med   155792 min   155767 us (38945 us/in)
03-verifier,bench nutroot opt=3,True,inputs_keypath N=16,2,347445,347314,,347445,,I (238694) nutroot: inputs_keypath N=16      x2  mean   347445 med   347445 min   347314 us (21715 us/in)
03-verifier,bench nutroot opt=3,True,inputs_script N=16,2,617467,617347,,617467,,I (241836) nutroot: inputs_script N=16       x2  mean   617467 med   617467 min   617347 us (38591 us/in)
03-verifier,bench nutroot opt=3,True,leaves L=1 path=0,3,40380,40361,,40390,,I (242086) nutroot: leaves L=1 path=0        x3  mean    40380 med    40390 min    40361 us
03-verifier,bench nutroot opt=3,True,leaves L=8 path=3,3,40244,40134,,40183,,I (242444) nutroot: leaves L=8 path=3        x3  mean    40244 med    40183 min    40134 us
03-verifier,bench nutroot opt=3,True,leaves L=64 path=6,3,40938,40937,,40937,,I (243702) nutroot: leaves L=64 path=6       x3  mean    40938 med    40937 min    40937 us
03-verifier,bench nutroot opt=3,True,thresh 1-of-1 sv=1,3,40951,40914,,40914,,I (243952) nutroot: thresh 1-of-1 sv=1       x3  mean    40951 med    40914 min    40914 us
03-verifier,bench nutroot opt=3,True,thresh 2-of-3 sv=2,3,63642,63526,,63647,,I (244355) nutroot: thresh 2-of-3 sv=2       x3  mean    63642 med    63647 min    63526 us
03-verifier,bench nutroot opt=3,True,thresh 3-of-5 sv=3,3,86389,86351,,86351,,I (244915) nutroot: thresh 3-of-5 sv=3       x3  mean    86389 med    86351 min    86351 us
03-verifier,bench nutroot opt=3,True,recv verify n=10,2,1225486,1225410,,1225486,,I (248853) nutroot: recv verify n=10         x2  mean  1225486 med  1225486 min  1225410 us
03-verifier,bench nutroot opt=3,True,recv spendinfo n=10,3,165821,165638,,165868,,I (249353) nutroot: recv spendinfo n=10      x3  mean   165821 med   165868 min   165638 us
03-verifier,bench nutroot opt=3,True,swap sign n=10,3,498161,498080,,498108,,I (250851) nutroot: swap sign n=10           x3  mean   498161 med   498108 min   498080 us
03-verifier,bench nutroot opt=3,True,swap blind n=10,3,323264,323071,,323176,,I (251824) nutroot: swap blind n=10          x3  mean   323264 med   323176 min   323071 us
03-verifier,bench nutroot opt=3,True,swap unblind n=10,3,341136,341005,,341135,,I (252851) nutroot: swap unblind n=10        x3  mean   341136 med   341135 min   341005 us
03-verifier,bench nutroot opt=3,True,recv verify out n=10,2,1225400,1225373,,1225400,,I (255304) nutroot: recv verify out n=10     x2  mean  1225400 med  1225400 min  1225373 us
04-secp-baseline,bench nutroot quick opt=0,False,keypair full scalar,8,15505,15446,,15501,,I (16299) nutroot: keypair full scalar      x8  mean    15505 med    15501 min    15446 us
04-secp-baseline,bench nutroot quick opt=0,False,sign incl keypair,8,33410,33372,,33372,,I (16572) nutroot: sign incl keypair        x8  mean    33410 med    33372 min    33372 us
04-secp-baseline,bench nutroot quick opt=0,False,sign retained keypair,8,17715,17701,,17701,,I (16718) nutroot: sign retained keypair    x8  mean    17715 med    17701 min    17701 us
04-secp-baseline,bench nutroot quick opt=0,False,schnorr verify,8,17792,17791,,17792,,I (16863) nutroot: schnorr verify           x8  mean    17792 med    17792 min    17791 us
04-secp-baseline,bench nutroot quick opt=0,False,ECDH full scalar,8,17676,17675,,17676,,I (17008) nutroot: ECDH full scalar         x8  mean    17676 med    17676 min    17675 us
04-secp-baseline,bench nutroot quick opt=0,False,parse compressed key,8,1677,1620,,1620,,I (17026) nutroot: parse compressed key     x8  mean     1677 med     1620 min     1620 us
04-secp-baseline,bench nutroot quick opt=0,False,threshold 2/3 checks=5,3,120003,119994,,120008,,I (17655) nutroot: threshold 2/3 checks=5   x3  mean   120003 med   120008 min   119994 us
04-secp-baseline,bench nutroot quick opt=0,False,threshold 3/5 checks=12,3,254046,254008,,254008,,I (18884) nutroot: threshold 3/5 checks=12  x3  mean   254046 med   254008 min   254008 us
04-secp-baseline,bench nutroot quick opt=0,False,threshold 8/15 checks=92,3,1733975,1733909,,1734008,,I (26346) nutroot: threshold 8/15 checks=92 x3  mean  1733975 med  1734008 min  1733909 us
04-secp-baseline,bench nutroot quick opt=1,False,keypair full scalar,8,15505,15446,,15501,,I (26599) nutroot: keypair full scalar      x8  mean    15505 med    15501 min    15446 us
04-secp-baseline,bench nutroot quick opt=1,False,sign incl keypair,8,33375,33372,,33372,,I (26872) nutroot: sign incl keypair        x8  mean    33375 med    33372 min    33372 us
04-secp-baseline,bench nutroot quick opt=1,False,sign retained keypair,8,17715,17701,,17701,,I (27018) nutroot: sign retained keypair    x8  mean    17715 med    17701 min    17701 us
04-secp-baseline,bench nutroot quick opt=1,False,schnorr verify,8,17792,17791,,17793,,I (27164) nutroot: schnorr verify           x8  mean    17792 med    17793 min    17791 us
04-secp-baseline,bench nutroot quick opt=1,False,ECDH full scalar,8,17676,17675,,17676,,I (27309) nutroot: ECDH full scalar         x8  mean    17676 med    17676 min    17675 us
04-secp-baseline,bench nutroot quick opt=1,False,parse compressed key,8,1677,1620,,1620,,I (27327) nutroot: parse compressed key     x8  mean     1677 med     1620 min     1620 us
04-secp-baseline,bench nutroot quick opt=1,False,threshold 2/3 checks=3,3,81812,81420,,82008,,I (27804) nutroot: threshold 2/3 checks=3   x3  mean    81812 med    82008 min    81420 us
04-secp-baseline,bench nutroot quick opt=1,False,threshold 3/5 checks=6,3,142004,141996,,142008,,I (28586) nutroot: threshold 3/5 checks=6   x3  mean   142004 med   142008 min   141996 us
04-secp-baseline,bench nutroot quick opt=1,False,threshold 8/15 checks=36,3,714368,706879,,717218,,I (31972) nutroot: threshold 8/15 checks=36 x3  mean   714368 med   717218 min   706879 us
04-secp-baseline,bench nutroot quick opt=3,False,keypair full scalar,8,15628,15479,,15505,,I (32296) nutroot: keypair full scalar      x8  mean    15628 med    15505 min    15479 us
04-secp-baseline,bench nutroot quick opt=3,False,sign incl keypair,8,33443,33372,,33372,,I (32569) nutroot: sign incl keypair        x8  mean    33443 med    33372 min    33372 us
04-secp-baseline,bench nutroot quick opt=3,False,sign retained keypair,8,17820,17695,,17701,,I (32715) nutroot: sign retained keypair    x8  mean    17820 med    17701 min    17695 us
04-secp-baseline,bench nutroot quick opt=3,False,schnorr verify,8,17793,17791,,17793,,I (32861) nutroot: schnorr verify           x8  mean    17793 med    17793 min    17791 us
04-secp-baseline,bench nutroot quick opt=3,False,ECDH full scalar,8,17994,17675,,17677,,I (33009) nutroot: ECDH full scalar         x8  mean    17994 med    17677 min    17675 us
04-secp-baseline,bench nutroot quick opt=3,False,parse compressed key,8,1677,1620,,1620,,I (33027) nutroot: parse compressed key     x8  mean     1677 med     1620 min     1620 us
04-secp-baseline,bench nutroot quick opt=3,False,threshold 2/3 checks=2,3,64163,64008,,64008,,I (33433) nutroot: threshold 2/3 checks=2   x3  mean    64163 med    64008 min    64008 us
04-secp-baseline,bench nutroot quick opt=3,False,threshold 3/5 checks=3,3,88041,88008,,88008,,I (33999) nutroot: threshold 3/5 checks=3   x3  mean    88041 med    88008 min    88008 us
04-secp-baseline,bench nutroot quick opt=3,False,threshold 8/15 checks=8,3,203226,203008,,203137,,I (35350) nutroot: threshold 8/15 checks=8  x3  mean   203226 med   203137 min   203008 us
05-secp-comb86,bench nutroot quick opt=3,True,keypair full scalar,8,15015,14952,,15012,,I (16290) nutroot: keypair full scalar      x8  mean    15015 med    15012 min    14952 us
05-secp-comb86,bench nutroot quick opt=3,True,sign incl keypair,8,32425,32395,,32395,,I (16555) nutroot: sign incl keypair        x8  mean    32425 med    32395 min    32395 us
05-secp-comb86,bench nutroot quick opt=3,True,sign retained keypair,8,17235,17222,,17222,,I (16700) nutroot: sign retained keypair    x8  mean    17235 med    17222 min    17222 us
05-secp-comb86,bench nutroot quick opt=3,True,schnorr verify,8,17792,17790,,17793,,I (16846) nutroot: schnorr verify           x8  mean    17792 med    17793 min    17790 us
05-secp-comb86,bench nutroot quick opt=3,True,ECDH full scalar,8,17675,17674,,17675,,I (16991) nutroot: ECDH full scalar         x8  mean    17675 med    17675 min    17674 us
05-secp-comb86,bench nutroot quick opt=3,True,parse compressed key,8,1677,1619,,1619,,I (17009) nutroot: parse compressed key     x8  mean     1677 med     1619 min     1619 us
05-secp-comb86,bench nutroot quick opt=3,True,threshold 2/3 checks=2,3,64137,64009,,64009,,I (17411) nutroot: threshold 2/3 checks=2   x3  mean    64137 med    64009 min    64009 us
05-secp-comb86,bench nutroot quick opt=3,True,threshold 3/5 checks=3,3,87998,87976,,88009,,I (17971) nutroot: threshold 3/5 checks=3   x3  mean    87998 med    88009 min    87976 us
05-secp-comb86,bench nutroot quick opt=3,True,threshold 8/15 checks=8,3,203203,203009,,203009,,I (19306) nutroot: threshold 8/15 checks=8  x3  mean   203203 med   203009 min   203009 us
05-secp-comb86,bench,True,hash_to_curve,100,3429,,,,,I (19699) crypto_test: hash_to_curve x100: 3429 us/op
05-secp-comb86,bench,True,blind_message,50,19390,,,,,I (20672) crypto_test: blind_message x50: 19390 us/op
05-secp-comb86,bench,True,verify_dleq,50,56501,,,,,I (23507) crypto_test: verify_dleq   x50: 56501 us/op
06-prepared,bench mpi 79,True,mpi unchained x1000,3,6775,,,,,I (16636) bls_test: mpi unchained x1000      x3       6775 us/op
06-prepared,bench mpi 79,True,mpi chained x1000,3,6791,,,,,I (16661) bls_test: mpi chained x1000        x3       6791 us/op
06-prepared,bench mpi 79,True,suite_verify n=10 dk,2,1784222,,,,,I (21094) bls_test: suite_verify n=10 dk     x2    1784222 us/op
06-prepared,bench mpi 79,True,swap crypto n=10 dk,2,4241424,,,,,I (29581) bls_test: swap crypto n=10 dk      x2    4241424 us/op
06-prepared,bench verify 55 11,True,suite_verify cold n=10,1,1629945,,,,,"I (32112) bls_test: suite_verify cold n=10: 1629945 us, valid=1"
06-prepared,bench verify 55 11,True,suite_verify n=10 dk,2,1404207,,,,,I (34934) bls_test: suite_verify n=10 dk     x2    1404207 us/op
06-prepared,bench verify 55 11,True,swap crypto n=10 dk,2,3478952,,,,,I (41895) bls_test: swap crypto n=10 dk      x2    3478952 us/op
06-prepared,bench verify 119 11,True,suite_verify cold n=10,1,1576628,,,,,"I (44388) bls_test: suite_verify cold n=10: 1576628 us, valid=1"
06-prepared,bench verify 119 11,True,suite_verify n=10 dk,2,1390305,,,,,I (47182) bls_test: suite_verify n=10 dk     x2    1390305 us/op
06-prepared,bench verify 119 11,True,swap crypto n=10 dk,2,3452699,,,,,I (54092) bls_test: swap crypto n=10 dk      x2    3452699 us/op
06-prepared,bench verify 247 11,True,suite_verify cold n=10,1,1576333,,,,,"I (56577) bls_test: suite_verify cold n=10: 1576333 us, valid=1"
06-prepared,bench verify 247 11,True,suite_verify n=10 dk,2,1389951,,,,,I (59371) bls_test: suite_verify n=10 dk     x2    1389951 us/op
06-prepared,bench verify 247 11,True,swap crypto n=10 dk,2,3465538,,,,,I (66306) bls_test: swap crypto n=10 dk      x2    3465538 us/op
06-prepared,bench verify 239 11,True,suite_verify cold n=10,1,1579298,,,,,"I (68903) bls_test: suite_verify cold n=10: 1579298 us, valid=1"
06-prepared,bench verify 239 11,True,suite_verify n=10 dk,2,1367649,,,,,I (71653) bls_test: suite_verify n=10 dk     x2    1367649 us/op
06-prepared,bench verify 239 11,True,swap crypto n=10 dk,2,3412459,,,,,I (78482) bls_test: swap crypto n=10 dk      x2    3412459 us/op
07-comb2,bench mpi 79,True,mpi unchained x1000,3,6754,,,,,I (16631) bls_test: mpi unchained x1000      x3       6754 us/op
07-comb2,bench mpi 79,True,mpi chained x1000,3,6758,,,,,I (16656) bls_test: mpi chained x1000        x3       6758 us/op
07-comb2,bench mpi 79,True,suite_verify n=10 dk,2,1769180,,,,,I (21049) bls_test: suite_verify n=10 dk     x2    1769180 us/op
07-comb2,bench mpi 79,True,swap crypto n=10 dk,2,4202434,,,,,I (29458) bls_test: swap crypto n=10 dk      x2    4202434 us/op
07-comb2,bench verify 119 11,True,suite_verify cold n=10,1,1587731,,,,,"I (32018) bls_test: suite_verify cold n=10: 1587731 us, valid=1"
07-comb2,bench verify 119 11,True,suite_verify n=10 dk,2,1383647,,,,,I (34800) bls_test: suite_verify n=10 dk     x2    1383647 us/op
07-comb2,bench verify 119 11,True,swap crypto n=10 dk,2,3427640,,,,,I (41659) bls_test: swap crypto n=10 dk      x2    3427640 us/op
07-comb2,bench nutroot quick opt=3,True,keypair full scalar,8,8365,8272,,8305,,I (41868) nutroot: keypair full scalar      x8  mean     8365 med     8305 min     8272 us
07-comb2,bench nutroot quick opt=3,True,sign incl keypair,8,19942,19941,,19941,,I (42038) nutroot: sign incl keypair        x8  mean    19942 med    19941 min    19941 us
07-comb2,bench nutroot quick opt=3,True,sign retained keypair,8,11019,11005,,11007,,I (42143) nutroot: sign retained keypair    x8  mean    11019 med    11007 min    11005 us
07-comb2,bench nutroot quick opt=3,True,schnorr verify,8,17803,17800,,17804,,I (42297) nutroot: schnorr verify           x8  mean    17803 med    17804 min    17800 us
07-comb2,bench nutroot quick opt=3,True,ECDH full scalar,8,17723,17701,,17703,,I (42450) nutroot: ECDH full scalar         x8  mean    17723 med    17703 min    17701 us
07-comb2,bench nutroot quick opt=3,True,parse compressed key,8,1676,1618,,1619,,I (42476) nutroot: parse compressed key     x8  mean     1676 med     1619 min     1618 us
07-comb2,bench nutroot quick opt=3,True,threshold 2/3 checks=2,3,65000,64986,,65008,,I (42832) nutroot: threshold 2/3 checks=2   x3  mean    65000 med    65008 min    64986 us
07-comb2,bench nutroot quick opt=3,True,threshold 3/5 checks=3,3,88822,88452,,89008,,I (43320) nutroot: threshold 3/5 checks=3   x3  mean    88822 med    89008 min    88452 us
07-comb2,bench nutroot quick opt=3,True,threshold 8/15 checks=8,3,206115,206008,,206008,,I (44462) nutroot: threshold 8/15 checks=8  x3  mean   206115 med   206008 min   206008 us
07-comb2,bench,True,hash_to_curve,100,3411,,,,,I (44877) crypto_test: hash_to_curve x100: 3411 us/op
07-comb2,bench,True,blind_message,50,12681,,,,,I (45515) crypto_test: blind_message x50: 12681 us/op
07-comb2,bench,True,verify_dleq,50,50023,,,,,I (48026) crypto_test: verify_dleq   x50: 50023 us/op
08-window4,bench mpi 79,True,mpi unchained x1000,3,6774,,,,,I (16622) bls_test: mpi unchained x1000      x3       6774 us/op
08-window4,bench mpi 79,True,mpi chained x1000,3,6792,,,,,I (16647) bls_test: mpi chained x1000        x3       6792 us/op
08-window4,bench mpi 79,True,suite_verify n=10 dk,2,1770497,,,,,I (21052) bls_test: suite_verify n=10 dk     x2    1770497 us/op
08-window4,bench mpi 79,True,swap crypto n=10 dk,2,4210362,,,,,I (29477) bls_test: swap crypto n=10 dk      x2    4210362 us/op
08-window4,bench verify 119 11,True,suite_verify cold n=10,1,1585955,,,,,"I (32041) bls_test: suite_verify cold n=10: 1585955 us, valid=1"
08-window4,bench verify 119 11,True,suite_verify n=10 dk,2,1379275,,,,,I (34813) bls_test: suite_verify n=10 dk     x2    1379275 us/op
08-window4,bench verify 119 11,True,swap crypto n=10 dk,2,3430300,,,,,I (41678) bls_test: swap crypto n=10 dk      x2    3430300 us/op
08-window4,bench nutroot quick opt=3,True,keypair full scalar,8,15624,15555,,15609,,I (41963) nutroot: keypair full scalar      x8  mean    15624 med    15609 min    15555 us
08-window4,bench nutroot quick opt=3,True,sign incl keypair,8,33625,33620,,33620,,I (42244) nutroot: sign incl keypair        x8  mean    33625 med    33620 min    33620 us
08-window4,bench nutroot quick opt=3,True,sign retained keypair,8,17858,17818,,17818,,I (42399) nutroot: sign retained keypair    x8  mean    17858 med    17818 min    17818 us
08-window4,bench nutroot quick opt=3,True,schnorr verify,8,20491,20488,,20491,,I (42576) nutroot: schnorr verify           x8  mean    20491 med    20491 min    20488 us
08-window4,bench nutroot quick opt=3,True,ECDH full scalar,8,17701,17698,,17701,,I (42729) nutroot: ECDH full scalar         x8  mean    17701 med    17701 min    17698 us
08-window4,bench nutroot quick opt=3,True,parse compressed key,8,1676,1618,,1619,,I (42755) nutroot: parse compressed key     x8  mean     1676 med     1619 min     1618 us
08-window4,bench nutroot quick opt=3,True,threshold 2/3 checks=2,3,72779,72322,,73008,,I (43201) nutroot: threshold 2/3 checks=2   x3  mean    72779 med    73008 min    72322 us
08-window4,bench nutroot quick opt=3,True,threshold 3/5 checks=3,3,97941,97808,,98008,,I (43813) nutroot: threshold 3/5 checks=3   x3  mean    97941 med    98008 min    97808 us
08-window4,bench nutroot quick opt=3,True,threshold 8/15 checks=8,3,228920,228746,,229008,,I (45274) nutroot: threshold 8/15 checks=8  x3  mean   228920 med   229008 min   228746 us
08-window4,bench,True,hash_to_curve,100,3411,,,,,I (45656) crypto_test: hash_to_curve x100: 3411 us/op
08-window4,bench,True,blind_message,50,20019,,,,,I (46660) crypto_test: blind_message x50: 20019 us/op
08-window4,bench,True,verify_dleq,50,57166,,,,,I (49526) crypto_test: verify_dleq   x50: 57166 us/op
09-window10,bench mpi 79,True,mpi unchained x1000,3,6776,,,,,I (16626) bls_test: mpi unchained x1000      x3       6776 us/op
09-window10,bench mpi 79,True,mpi chained x1000,3,6790,,,,,I (16651) bls_test: mpi chained x1000        x3       6790 us/op
09-window10,bench mpi 79,True,suite_verify n=10 dk,2,1784814,,,,,I (21085) bls_test: suite_verify n=10 dk     x2    1784814 us/op
09-window10,bench mpi 79,True,swap crypto n=10 dk,2,4240814,,,,,I (29571) bls_test: swap crypto n=10 dk      x2    4240814 us/op
09-window10,bench verify 119 11,True,suite_verify cold n=10,1,1598218,,,,,"I (32036) bls_test: suite_verify cold n=10: 1598218 us, valid=1"
09-window10,bench verify 119 11,True,suite_verify n=10 dk,2,1392366,,,,,I (34835) bls_test: suite_verify n=10 dk     x2    1392366 us/op
09-window10,bench verify 119 11,True,swap crypto n=10 dk,2,3453311,,,,,I (41746) bls_test: swap crypto n=10 dk      x2    3453311 us/op
09-window10,bench nutroot quick opt=3,True,keypair full scalar,8,15622,15557,,15607,,I (42079) nutroot: keypair full scalar      x8  mean    15622 med    15607 min    15557 us
09-window10,bench nutroot quick opt=3,True,sign incl keypair,8,33643,33610,,33610,,I (42360) nutroot: sign incl keypair        x8  mean    33643 med    33610 min    33610 us
09-window10,bench nutroot quick opt=3,True,sign retained keypair,8,17827,17812,,17812,,I (42514) nutroot: sign retained keypair    x8  mean    17827 med    17812 min    17812 us
09-window10,bench nutroot quick opt=3,True,schnorr verify,8,17379,17378,,17380,,I (42667) nutroot: schnorr verify           x8  mean    17379 med    17380 min    17378 us
09-window10,bench nutroot quick opt=3,True,ECDH full scalar,8,17701,17698,,17701,,I (42820) nutroot: ECDH full scalar         x8  mean    17701 med    17701 min    17698 us
09-window10,bench nutroot quick opt=3,True,parse compressed key,8,1676,1618,,1619,,I (42846) nutroot: parse compressed key     x8  mean     1676 med     1619 min     1618 us
09-window10,bench nutroot quick opt=3,True,threshold 2/3 checks=2,3,63166,63008,,63008,,I (43250) nutroot: threshold 2/3 checks=2   x3  mean    63166 med    63008 min    63008 us
09-window10,bench nutroot quick opt=3,True,threshold 3/5 checks=3,3,86129,86008,,86008,,I (43812) nutroot: threshold 3/5 checks=3   x3  mean    86129 med    86008 min    86008 us
09-window10,bench nutroot quick opt=3,True,threshold 8/15 checks=8,3,201237,201008,,201008,,I (45159) nutroot: threshold 8/15 checks=8  x3  mean   201237 med   201008 min   201008 us
09-window10,bench,True,hash_to_curve,100,3411,,,,,I (45623) crypto_test: hash_to_curve x100: 3411 us/op
09-window10,bench,True,blind_message,50,20013,,,,,I (46626) crypto_test: blind_message x50: 20013 us/op
09-window10,bench,True,verify_dleq,50,57162,,,,,I (49492) crypto_test: verify_dleq   x50: 57162 us/op
10-window12,bench mpi 79,True,mpi unchained x1000,3,6775,,,,,I (16580) bls_test: mpi unchained x1000      x3       6775 us/op
10-window12,bench mpi 79,True,mpi chained x1000,3,6789,,,,,I (16605) bls_test: mpi chained x1000        x3       6789 us/op
10-window12,bench mpi 79,True,suite_verify n=10 dk,2,1783564,,,,,I (21036) bls_test: suite_verify n=10 dk     x2    1783564 us/op
10-window12,bench mpi 79,True,swap crypto n=10 dk,2,4241887,,,,,I (29524) bls_test: swap crypto n=10 dk      x2    4241887 us/op
10-window12,bench verify 119 11,True,suite_verify cold n=10,1,1595222,,,,,"I (32131) bls_test: suite_verify cold n=10: 1595222 us, valid=1"
10-window12,bench verify 119 11,True,suite_verify n=10 dk,2,1392343,,,,,I (34930) bls_test: suite_verify n=10 dk     x2    1392343 us/op
10-window12,bench verify 119 11,True,swap crypto n=10 dk,2,3453088,,,,,I (41840) bls_test: swap crypto n=10 dk      x2    3453088 us/op
10-window12,bench nutroot quick opt=3,True,keypair full scalar,8,15621,15557,,15607,,I (42053) nutroot: keypair full scalar      x8  mean    15621 med    15607 min    15557 us
10-window12,bench nutroot quick opt=3,True,sign incl keypair,8,33615,33609,,33609,,I (42334) nutroot: sign incl keypair        x8  mean    33615 med    33609 min    33609 us
10-window12,bench nutroot quick opt=3,True,sign retained keypair,8,17848,17812,,17812,,I (42488) nutroot: sign retained keypair    x8  mean    17848 med    17812 min    17812 us
10-window12,bench nutroot quick opt=3,True,schnorr verify,8,16787,16785,,16788,,I (42633) nutroot: schnorr verify           x8  mean    16787 med    16788 min    16785 us
10-window12,bench nutroot quick opt=3,True,ECDH full scalar,8,17701,17698,,17701,,I (42786) nutroot: ECDH full scalar         x8  mean    17701 med    17701 min    17698 us
10-window12,bench nutroot quick opt=3,True,parse compressed key,8,1675,1618,,1618,,I (42812) nutroot: parse compressed key     x8  mean     1675 med     1618 min     1618 us
10-window12,bench nutroot quick opt=3,True,threshold 2/3 checks=2,3,61918,61740,,62008,,I (43211) nutroot: threshold 2/3 checks=2   x3  mean    61918 med    62008 min    61740 us
10-window12,bench nutroot quick opt=3,True,threshold 3/5 checks=3,3,84828,84470,,85008,,I (43767) nutroot: threshold 3/5 checks=3   x3  mean    84828 med    85008 min    84470 us
10-window12,bench nutroot quick opt=3,True,threshold 8/15 checks=8,3,197047,197008,,197008,,I (45098) nutroot: threshold 8/15 checks=8  x3  mean   197047 med   197008 min   197008 us
10-window12,bench,True,hash_to_curve,100,3411,,,,,I (45587) crypto_test: hash_to_curve x100: 3411 us/op
10-window12,bench,True,blind_message,50,20014,,,,,I (46590) crypto_test: blind_message x50: 20014 us/op
10-window12,bench,True,verify_dleq,50,57164,,,,,I (49456) crypto_test: verify_dleq   x50: 57164 us/op
11-window14,bench mpi 79,True,mpi unchained x1000,3,6776,,,,,I (16647) bls_test: mpi unchained x1000      x3       6776 us/op
11-window14,bench mpi 79,True,mpi chained x1000,3,6790,,,,,I (16672) bls_test: mpi chained x1000        x3       6790 us/op
11-window14,bench mpi 79,True,suite_verify n=10 dk,2,1783594,,,,,I (21103) bls_test: suite_verify n=10 dk     x2    1783594 us/op
11-window14,bench mpi 79,True,swap crypto n=10 dk,2,4239442,,,,,I (29586) bls_test: swap crypto n=10 dk      x2    4239442 us/op
11-window14,bench verify 119 11,True,suite_verify cold n=10,1,1597822,,,,,"I (32071) bls_test: suite_verify cold n=10: 1597822 us, valid=1"
11-window14,bench verify 119 11,True,suite_verify n=10 dk,2,1392868,,,,,I (34871) bls_test: suite_verify n=10 dk     x2    1392868 us/op
11-window14,bench verify 119 11,True,swap crypto n=10 dk,2,3453186,,,,,I (41782) bls_test: swap crypto n=10 dk      x2    3453186 us/op
11-window14,bench nutroot quick opt=3,True,keypair full scalar,8,15622,15557,,15607,,I (42121) nutroot: keypair full scalar      x8  mean    15622 med    15607 min    15557 us
11-window14,bench nutroot quick opt=3,True,sign incl keypair,8,33615,33609,,33609,,I (42402) nutroot: sign incl keypair        x8  mean    33615 med    33609 min    33609 us
11-window14,bench nutroot quick opt=3,True,sign retained keypair,8,17858,17812,,17812,,I (42557) nutroot: sign retained keypair    x8  mean    17858 med    17812 min    17812 us
11-window14,bench nutroot quick opt=3,True,schnorr verify,8,16896,16892,,16897,,I (42703) nutroot: schnorr verify           x8  mean    16896 med    16897 min    16892 us
11-window14,bench nutroot quick opt=3,True,ECDH full scalar,8,17702,17698,,17701,,I (42857) nutroot: ECDH full scalar         x8  mean    17702 med    17701 min    17698 us
11-window14,bench nutroot quick opt=3,True,parse compressed key,8,1675,1618,,1618,,I (42883) nutroot: parse compressed key     x8  mean     1675 med     1618 min     1618 us
11-window14,bench nutroot quick opt=3,True,threshold 2/3 checks=2,3,60094,60008,,60008,,I (43274) nutroot: threshold 2/3 checks=2   x3  mean    60094 med    60008 min    60008 us
11-window14,bench nutroot quick opt=3,True,threshold 3/5 checks=3,3,83083,83008,,83008,,I (43822) nutroot: threshold 3/5 checks=3   x3  mean    83083 med    83008 min    83008 us
11-window14,bench nutroot quick opt=3,True,threshold 8/15 checks=8,3,193932,193780,,194008,,I (45140) nutroot: threshold 8/15 checks=8  x3  mean   193932 med   194008 min   193780 us
11-window14,bench,True,hash_to_curve,100,3411,,,,,I (45516) crypto_test: hash_to_curve x100: 3411 us/op
11-window14,bench,True,blind_message,50,20015,,,,,I (46520) crypto_test: blind_message x50: 20015 us/op
11-window14,bench,True,verify_dleq,50,57155,,,,,I (49386) crypto_test: verify_dleq   x50: 57155 us/op
12-secp-O2,bench mpi 79,True,mpi unchained x1000,3,6771,,,,,I (16626) bls_test: mpi unchained x1000      x3       6771 us/op
12-secp-O2,bench mpi 79,True,mpi chained x1000,3,6790,,,,,I (16651) bls_test: mpi chained x1000        x3       6790 us/op
12-secp-O2,bench mpi 79,True,suite_verify n=10 dk,2,1772430,,,,,I (21060) bls_test: suite_verify n=10 dk     x2    1772430 us/op
12-secp-O2,bench mpi 79,True,swap crypto n=10 dk,2,4218896,,,,,I (29502) bls_test: swap crypto n=10 dk      x2    4218896 us/op
12-secp-O2,bench verify 119 11,True,suite_verify cold n=10,1,1585870,,,,,"I (32029) bls_test: suite_verify cold n=10: 1585870 us, valid=1"
12-secp-O2,bench verify 119 11,True,suite_verify n=10 dk,2,1374807,,,,,I (34793) bls_test: suite_verify n=10 dk     x2    1374807 us/op
12-secp-O2,bench verify 119 11,True,swap crypto n=10 dk,2,3417643,,,,,I (41632) bls_test: swap crypto n=10 dk      x2    3417643 us/op
12-secp-O2,bench nutroot quick opt=3,True,keypair full scalar,8,19293,19236,,19284,,I (41979) nutroot: keypair full scalar      x8  mean    19293 med    19284 min    19236 us
12-secp-O2,bench nutroot quick opt=3,True,sign incl keypair,8,41097,41088,,41088,,I (42324) nutroot: sign incl keypair        x8  mean    41097 med    41088 min    41088 us
12-secp-O2,bench nutroot quick opt=3,True,sign retained keypair,8,21720,21677,,21677,,I (42509) nutroot: sign retained keypair    x8  mean    21720 med    21677 min    21677 us
12-secp-O2,bench nutroot quick opt=3,True,schnorr verify,8,19501,19497,,19502,,I (42678) nutroot: schnorr verify           x8  mean    19501 med    19502 min    19497 us
12-secp-O2,bench nutroot quick opt=3,True,ECDH full scalar,8,18676,18676,,18676,,I (42839) nutroot: ECDH full scalar         x8  mean    18676 med    18676 min    18676 us
12-secp-O2,bench nutroot quick opt=3,True,parse compressed key,8,1772,1707,,1707,,I (42865) nutroot: parse compressed key     x8  mean     1772 med     1707 min     1707 us
12-secp-O2,bench nutroot quick opt=3,True,threshold 2/3 checks=2,3,71032,71008,,71008,,I (43332) nutroot: threshold 2/3 checks=2   x3  mean    71032 med    71008 min    71008 us
12-secp-O2,bench nutroot quick opt=3,True,threshold 3/5 checks=3,3,96247,96008,,96008,,I (43981) nutroot: threshold 3/5 checks=3   x3  mean    96247 med    96008 min    96008 us
12-secp-O2,bench nutroot quick opt=3,True,threshold 8/15 checks=8,3,224126,224008,,224008,,I (45541) nutroot: threshold 8/15 checks=8  x3  mean   224126 med   224008 min   224008 us
12-secp-O2,bench,True,hash_to_curve,100,3598,,,,,I (45969) crypto_test: hash_to_curve x100: 3598 us/op
12-secp-O2,bench,True,blind_message,50,24039,,,,,I (47175) crypto_test: blind_message x50: 24039 us/op
12-secp-O2,bench,True,verify_dleq,50,64632,,,,,I (50416) crypto_test: verify_dleq   x50: 64632 us/op
13-secp-O3,bench mpi 79,True,mpi unchained x1000,3,6764,,,,,I (16620) bls_test: mpi unchained x1000      x3       6764 us/op
13-secp-O3,bench mpi 79,True,mpi chained x1000,3,6758,,,,,I (16645) bls_test: mpi chained x1000        x3       6758 us/op
13-secp-O3,bench mpi 79,True,suite_verify n=10 dk,2,1769998,,,,,I (21039) bls_test: suite_verify n=10 dk     x2    1769998 us/op
13-secp-O3,bench mpi 79,True,swap crypto n=10 dk,2,4206054,,,,,I (29455) bls_test: swap crypto n=10 dk      x2    4206054 us/op
13-secp-O3,bench verify 119 11,True,suite_verify cold n=10,1,1583916,,,,,"I (32046) bls_test: suite_verify cold n=10: 1583916 us, valid=1"
13-secp-O3,bench verify 119 11,True,suite_verify n=10 dk,2,1378251,,,,,I (34815) bls_test: suite_verify n=10 dk     x2    1378251 us/op
13-secp-O3,bench verify 119 11,True,swap crypto n=10 dk,2,3418063,,,,,I (41655) bls_test: swap crypto n=10 dk      x2    3418063 us/op
13-secp-O3,bench nutroot quick opt=3,True,keypair full scalar,8,20452,20383,,20444,,I (42025) nutroot: keypair full scalar      x8  mean    20452 med    20444 min    20383 us
13-secp-O3,bench nutroot quick opt=3,True,sign incl keypair,8,43563,43531,,43531,,I (42386) nutroot: sign incl keypair        x8  mean    43563 med    43531 min    43531 us
13-secp-O3,bench nutroot quick opt=3,True,sign retained keypair,8,23037,23037,,23037,,I (42587) nutroot: sign retained keypair    x8  mean    23037 med    23037 min    23037 us
13-secp-O3,bench nutroot quick opt=3,True,schnorr verify,8,19799,19798,,19798,,I (42757) nutroot: schnorr verify           x8  mean    19799 med    19798 min    19798 us
13-secp-O3,bench nutroot quick opt=3,True,ECDH full scalar,8,19013,19012,,19012,,I (42926) nutroot: ECDH full scalar         x8  mean    19013 med    19012 min    19012 us
13-secp-O3,bench nutroot quick opt=3,True,parse compressed key,8,1772,1706,,1706,,I (42952) nutroot: parse compressed key     x8  mean     1772 med     1706 min     1706 us
13-secp-O3,bench nutroot quick opt=3,True,threshold 2/3 checks=2,3,71493,71010,,71459,,I (43431) nutroot: threshold 2/3 checks=2   x3  mean    71493 med    71459 min    71010 us
13-secp-O3,bench nutroot quick opt=3,True,threshold 3/5 checks=3,3,97013,97010,,97010,,I (44097) nutroot: threshold 3/5 checks=3   x3  mean    97013 med    97010 min    97010 us
13-secp-O3,bench nutroot quick opt=3,True,threshold 8/15 checks=8,3,225834,225482,,226010,,I (45703) nutroot: threshold 8/15 checks=8  x3  mean   225834 med   226010 min   225482 us
13-secp-O3,bench,True,hash_to_curve,100,3625,,,,,I (46150) crypto_test: hash_to_curve x100: 3625 us/op
13-secp-O3,bench,True,blind_message,50,25501,,,,,I (47429) crypto_test: blind_message x50: 25501 us/op
13-secp-O3,bench,True,verify_dleq,50,66903,,,,,I (50784) crypto_test: verify_dleq   x50: 66903 us/op
14-secp-O2-window12,bench mpi 79,True,mpi unchained x1000,3,6770,,,,,I (16658) bls_test: mpi unchained x1000      x3       6770 us/op
14-secp-O2-window12,bench mpi 79,True,mpi chained x1000,3,6791,,,,,I (16683) bls_test: mpi chained x1000        x3       6791 us/op
14-secp-O2-window12,bench mpi 79,True,suite_verify n=10 dk,2,1773715,,,,,I (21094) bls_test: suite_verify n=10 dk     x2    1773715 us/op
14-secp-O2-window12,bench mpi 79,True,swap crypto n=10 dk,2,4219059,,,,,I (29536) bls_test: swap crypto n=10 dk      x2    4219059 us/op
14-secp-O2-window12,bench verify 119 11,True,suite_verify cold n=10,1,1583492,,,,,"I (32089) bls_test: suite_verify cold n=10: 1583492 us, valid=1"
14-secp-O2-window12,bench verify 119 11,True,suite_verify n=10 dk,2,1376191,,,,,I (34856) bls_test: suite_verify n=10 dk     x2    1376191 us/op
14-secp-O2-window12,bench verify 119 11,True,swap crypto n=10 dk,2,3417576,,,,,I (41695) bls_test: swap crypto n=10 dk      x2    3417576 us/op
14-secp-O2-window12,bench nutroot quick opt=3,True,keypair full scalar,8,19293,19235,,19288,,I (42042) nutroot: keypair full scalar      x8  mean    19293 med    19288 min    19235 us
14-secp-O2-window12,bench nutroot quick opt=3,True,sign incl keypair,8,41122,41087,,41087,,I (42387) nutroot: sign incl keypair        x8  mean    41122 med    41087 min    41087 us
14-secp-O2-window12,bench nutroot quick opt=3,True,sign retained keypair,8,21687,21677,,21677,,I (42573) nutroot: sign retained keypair    x8  mean    21687 med    21677 min    21677 us
14-secp-O2-window12,bench nutroot quick opt=3,True,schnorr verify,8,18329,18324,,18330,,I (42734) nutroot: schnorr verify           x8  mean    18329 med    18330 min    18324 us
14-secp-O2-window12,bench nutroot quick opt=3,True,ECDH full scalar,8,18676,18675,,18675,,I (42895) nutroot: ECDH full scalar         x8  mean    18676 med    18675 min    18675 us
14-secp-O2-window12,bench nutroot quick opt=3,True,parse compressed key,8,1771,1706,,1706,,I (42921) nutroot: parse compressed key     x8  mean     1771 med     1706 min     1706 us
14-secp-O2-window12,bench nutroot quick opt=3,True,threshold 2/3 checks=2,3,66928,66766,,67009,,I (43371) nutroot: threshold 2/3 checks=2   x3  mean    66928 med    67009 min    66766 us
14-secp-O2-window12,bench nutroot quick opt=3,True,threshold 3/5 checks=3,3,92081,92009,,92009,,I (44002) nutroot: threshold 3/5 checks=3   x3  mean    92081 med    92009 min    92009 us
14-secp-O2-window12,bench nutroot quick opt=3,True,threshold 8/15 checks=8,3,215089,215009,,215009,,I (45524) nutroot: threshold 8/15 checks=8  x3  mean   215089 med   215009 min   215009 us
14-secp-O2-window12,bench,True,hash_to_curve,100,3598,,,,,I (46025) crypto_test: hash_to_curve x100: 3598 us/op
14-secp-O2-window12,bench,True,blind_message,50,24032,,,,,I (47230) crypto_test: blind_message x50: 24032 us/op
14-secp-O2-window12,bench,True,verify_dleq,50,64639,,,,,I (50471) crypto_test: verify_dleq   x50: 64639 us/op
15-secp-O3-window12,bench mpi 79,True,mpi unchained x1000,3,6765,,,,,I (16682) bls_test: mpi unchained x1000      x3       6765 us/op
15-secp-O3-window12,bench mpi 79,True,mpi chained x1000,3,6760,,,,,I (16707) bls_test: mpi chained x1000        x3       6760 us/op
15-secp-O3-window12,bench mpi 79,True,suite_verify n=10 dk,2,1770789,,,,,I (21103) bls_test: suite_verify n=10 dk     x2    1770789 us/op
15-secp-O3-window12,bench mpi 79,True,swap crypto n=10 dk,2,4207295,,,,,I (29522) bls_test: swap crypto n=10 dk      x2    4207295 us/op
15-secp-O3-window12,bench verify 119 11,True,suite_verify cold n=10,1,1584950,,,,,"I (32090) bls_test: suite_verify cold n=10: 1584950 us, valid=1"
15-secp-O3-window12,bench verify 119 11,True,suite_verify n=10 dk,2,1378249,,,,,I (34859) bls_test: suite_verify n=10 dk     x2    1378249 us/op
15-secp-O3-window12,bench verify 119 11,True,swap crypto n=10 dk,2,3418023,,,,,I (41699) bls_test: swap crypto n=10 dk      x2    3418023 us/op
15-secp-O3-window12,bench nutroot quick opt=3,True,keypair full scalar,8,20451,20383,,20439,,I (42045) nutroot: keypair full scalar      x8  mean    20451 med    20439 min    20383 us
15-secp-O3-window12,bench nutroot quick opt=3,True,sign incl keypair,8,43559,43531,,43531,,I (42406) nutroot: sign incl keypair        x8  mean    43559 med    43531 min    43531 us
15-secp-O3-window12,bench nutroot quick opt=3,True,sign retained keypair,8,23037,23036,,23036,,I (42607) nutroot: sign retained keypair    x8  mean    23037 med    23036 min    23036 us
15-secp-O3-window12,bench nutroot quick opt=3,True,schnorr verify,8,18706,18706,,18706,,I (42769) nutroot: schnorr verify           x8  mean    18706 med    18706 min    18706 us
15-secp-O3-window12,bench nutroot quick opt=3,True,ECDH full scalar,8,19012,19012,,19012,,I (42938) nutroot: ECDH full scalar         x8  mean    19012 med    19012 min    19012 us
15-secp-O3-window12,bench nutroot quick opt=3,True,parse compressed key,8,1773,1707,,1707,,I (42964) nutroot: parse compressed key     x8  mean     1773 med     1707 min     1707 us
15-secp-O3-window12,bench nutroot quick opt=3,True,threshold 2/3 checks=2,3,67953,67839,,68011,,I (43428) nutroot: threshold 2/3 checks=2   x3  mean    67953 med    68011 min    67839 us
15-secp-O3-window12,bench nutroot quick opt=3,True,threshold 3/5 checks=3,3,93043,93011,,93011,,I (44077) nutroot: threshold 3/5 checks=3   x3  mean    93043 med    93011 min    93011 us
15-secp-O3-window12,bench nutroot quick opt=3,True,threshold 8/15 checks=8,3,216611,216011,,216812,,I (45645) nutroot: threshold 8/15 checks=8  x3  mean   216611 med   216812 min   216011 us
15-secp-O3-window12,bench,True,hash_to_curve,100,3625,,,,,I (46096) crypto_test: hash_to_curve x100: 3625 us/op
15-secp-O3-window12,bench,True,blind_message,50,25494,,,,,I (47375) crypto_test: blind_message x50: 25494 us/op
15-secp-O3-window12,bench,True,verify_dleq,50,66908,,,,,I (50730) crypto_test: verify_dleq   x50: 66908 us/op
16-secp-ram-verify,bench mpi 79,True,mpi unchained x1000,3,6773,,,,,I (16512) bls_test: mpi unchained x1000      x3       6773 us/op
16-secp-ram-verify,bench mpi 79,True,mpi chained x1000,3,6791,,,,,I (16537) bls_test: mpi chained x1000        x3       6791 us/op
16-secp-ram-verify,bench mpi 79,True,suite_verify n=10 dk,2,1783289,,,,,I (20968) bls_test: suite_verify n=10 dk     x2    1783289 us/op
16-secp-ram-verify,bench mpi 79,True,swap crypto n=10 dk,2,4240225,,,,,I (29453) bls_test: swap crypto n=10 dk      x2    4240225 us/op
16-secp-ram-verify,bench verify 119 11,True,suite_verify cold n=10,1,1597037,,,,,"I (31923) bls_test: suite_verify cold n=10: 1597037 us, valid=1"
16-secp-ram-verify,bench verify 119 11,True,suite_verify n=10 dk,2,1392476,,,,,I (34722) bls_test: suite_verify n=10 dk     x2    1392476 us/op
16-secp-ram-verify,bench verify 119 11,True,swap crypto n=10 dk,2,3453385,,,,,I (41633) bls_test: swap crypto n=10 dk      x2    3453385 us/op
16-secp-ram-verify,bench nutroot quick opt=3,True,keypair full scalar,8,15621,15556,,15606,,I (41973) nutroot: keypair full scalar      x8  mean    15621 med    15606 min    15556 us
16-secp-ram-verify,bench nutroot quick opt=3,True,sign incl keypair,8,33615,33609,,33609,,I (42255) nutroot: sign incl keypair        x8  mean    33615 med    33609 min    33609 us
16-secp-ram-verify,bench nutroot quick opt=3,True,sign retained keypair,8,17861,17812,,17812,,I (42410) nutroot: sign retained keypair    x8  mean    17861 med    17812 min    17812 us
16-secp-ram-verify,bench nutroot quick opt=3,True,schnorr verify,8,17658,17655,,17661,,I (42563) nutroot: schnorr verify           x8  mean    17658 med    17661 min    17655 us
16-secp-ram-verify,bench nutroot quick opt=3,True,ECDH full scalar,8,17700,17697,,17698,,I (42716) nutroot: ECDH full scalar         x8  mean    17700 med    17698 min    17697 us
16-secp-ram-verify,bench nutroot quick opt=3,True,parse compressed key,8,1675,1618,,1618,,I (42742) nutroot: parse compressed key     x8  mean     1675 med     1618 min     1618 us
16-secp-ram-verify,bench nutroot quick opt=3,True,threshold 2/3 checks=2,3,64127,64009,,64009,,I (43151) nutroot: threshold 2/3 checks=2   x3  mean    64127 med    64009 min    64009 us
16-secp-ram-verify,bench nutroot quick opt=3,True,threshold 3/5 checks=3,3,87806,87402,,88009,,I (43720) nutroot: threshold 3/5 checks=3   x3  mean    87806 med    88009 min    87402 us
16-secp-ram-verify,bench nutroot quick opt=3,True,threshold 8/15 checks=8,3,204027,204009,,204009,,I (45080) nutroot: threshold 8/15 checks=8  x3  mean   204027 med   204009 min   204009 us
16-secp-ram-verify,bench,True,hash_to_curve,100,3411,,,,,I (45565) crypto_test: hash_to_curve x100: 3411 us/op
16-secp-ram-verify,bench,True,blind_message,50,20013,,,,,I (46568) crypto_test: blind_message x50: 20013 us/op
16-secp-ram-verify,bench,True,verify_dleq,50,57162,,,,,I (49434) crypto_test: verify_dleq   x50: 57162 us/op
17-secp-ram-sign,bench mpi 79,False,mpi unchained x1000,3,6775,,,,,I (16656) bls_test: mpi unchained x1000      x3       6775 us/op
17-secp-ram-sign,bench mpi 79,False,mpi chained x1000,3,6791,,,,,I (16681) bls_test: mpi chained x1000        x3       6791 us/op
17-secp-ram-sign,bench mpi 79,False,suite_verify n=10 dk,2,1785158,,,,,I (21115) bls_test: suite_verify n=10 dk     x2    1785158 us/op
17-secp-ram-sign,bench mpi 79,False,swap crypto n=10 dk,2,4240618,,,,,I (29600) bls_test: swap crypto n=10 dk      x2    4240618 us/op
17-secp-ram-sign,bench verify 119 11,False,suite_verify n=10 dk,2,854,,,,,I (30639) bls_test: suite_verify n=10 dk     x2        854 us/op
17-secp-ram-sign,bench verify 119 11,False,swap crypto n=10 dk,2,684927,,,,,I (32013) bls_test: swap crypto n=10 dk      x2     684927 us/op
17-secp-ram-sign,bench nutroot quick opt=3,False,keypair full scalar,8,6853,6655,,6658,,I (32200) nutroot: keypair full scalar      x8  mean     6853 med     6658 min     6655 us
17-secp-ram-sign,bench nutroot quick opt=3,False,sign incl keypair,8,16595,16477,,16612,,I (32345) nutroot: sign incl keypair        x8  mean    16595 med    16612 min    16477 us
17-secp-ram-sign,bench nutroot quick opt=3,False,sign retained keypair,8,9369,9332,,9338,,I (32434) nutroot: sign retained keypair    x8  mean     9369 med     9338 min     9332 us
17-secp-ram-sign,bench nutroot quick opt=3,False,schnorr verify,8,17933,17793,,17801,,I (32589) nutroot: schnorr verify           x8  mean    17933 med    17801 min    17793 us
17-secp-ram-sign,bench nutroot quick opt=3,False,ECDH full scalar,8,17700,17698,,17699,,I (32742) nutroot: ECDH full scalar         x8  mean    17700 med    17699 min    17698 us
17-secp-ram-sign,bench nutroot quick opt=3,False,parse compressed key,8,1675,1618,,1618,,I (32768) nutroot: parse compressed key     x8  mean     1675 med     1618 min     1618 us
17-secp-ram-sign,bench nutroot quick opt=3,False,threshold 2/3 checks=2,3,65041,65009,,65009,,I (33113) nutroot: threshold 2/3 checks=2   x3  mean    65041 med    65009 min    65009 us
17-secp-ram-sign,bench nutroot quick opt=3,False,threshold 3/5 checks=3,3,88893,88661,,89009,,I (33581) nutroot: threshold 3/5 checks=3   x3  mean    88893 med    89009 min    88661 us
17-secp-ram-sign,bench nutroot quick opt=3,False,threshold 8/15 checks=8,3,206139,206009,,206009,,I (34669) nutroot: threshold 8/15 checks=8  x3  mean   206139 med   206009 min   206009 us
17-secp-ram-sign,bench,False,hash_to_curve,100,3409,,,,,I (35131) crypto_test: hash_to_curve x100: 3409 us/op
17-secp-ram-sign,bench,False,blind_message,50,10994,,,,,I (35683) crypto_test: blind_message x50: 10994 us/op
17-secp-ram-sign,bench,False,verify_dleq,50,48280,,,,,I (38106) crypto_test: verify_dleq   x50: 48280 us/op
18-secp-iram,bench mpi 79,False,mpi unchained x1000,3,6750,,,,,I (16648) bls_test: mpi unchained x1000      x3       6750 us/op
18-secp-iram,bench mpi 79,False,mpi chained x1000,3,6757,,,,,I (16673) bls_test: mpi chained x1000        x3       6757 us/op
18-secp-iram,bench mpi 79,False,suite_verify n=10 dk,2,1757890,,,,,I (21042) bls_test: suite_verify n=10 dk     x2    1757890 us/op
18-secp-iram,bench mpi 79,False,swap crypto n=10 dk,2,4182351,,,,,I (29410) bls_test: swap crypto n=10 dk      x2    4182351 us/op
18-secp-iram,bench verify 119 11,False,suite_verify n=10 dk,2,907,,,,,I (30354) bls_test: suite_verify n=10 dk     x2        907 us/op
18-secp-iram,bench verify 119 11,False,swap crypto n=10 dk,2,679389,,,,,I (31717) bls_test: swap crypto n=10 dk      x2     679389 us/op
18-secp-iram,bench nutroot quick opt=3,False,keypair full scalar,8,11312,11155,,11155,,I (31971) nutroot: keypair full scalar      x8  mean    11312 med    11155 min    11155 us
18-secp-iram,bench nutroot quick opt=3,False,sign incl keypair,8,22567,22482,,22485,,I (32165) nutroot: sign incl keypair        x8  mean    22567 med    22485 min    22482 us
18-secp-iram,bench nutroot quick opt=3,False,sign retained keypair,8,11317,11317,,11317,,I (32270) nutroot: sign retained keypair    x8  mean    11317 med    11317 min    11317 us
18-secp-iram,bench nutroot quick opt=3,False,schnorr verify,8,15817,15697,,15697,,I (32409) nutroot: schnorr verify           x8  mean    15817 med    15697 min    15697 us
18-secp-iram,bench nutroot quick opt=3,False,ECDH full scalar,8,15756,15756,,15756,,I (32547) nutroot: ECDH full scalar         x8  mean    15756 med    15756 min    15756 us
18-secp-iram,bench nutroot quick opt=3,False,parse compressed key,8,1620,1619,,1619,,I (32572) nutroot: parse compressed key     x8  mean     1620 med     1619 min     1619 us
18-secp-iram,bench nutroot quick opt=3,False,threshold 2/3 checks=2,3,59280,59005,,59005,,I (32919) nutroot: threshold 2/3 checks=2   x3  mean    59280 med    59005 min    59005 us
18-secp-iram,bench nutroot quick opt=3,False,threshold 3/5 checks=3,3,80053,80003,,80005,,I (33397) nutroot: threshold 3/5 checks=3   x3  mean    80053 med    80005 min    80003 us
18-secp-iram,bench nutroot quick opt=3,False,threshold 8/15 checks=8,3,186392,186011,,186154,,I (34524) nutroot: threshold 8/15 checks=8  x3  mean   186392 med   186154 min   186011 us
18-secp-iram,bench,False,hash_to_curve,100,3409,,,,,I (35013) crypto_test: hash_to_curve x100: 3409 us/op
18-secp-iram,bench,False,blind_message,50,15252,,,,,I (35779) crypto_test: blind_message x50: 15252 us/op
18-secp-iram,bench,False,verify_dleq,50,50185,,,,,I (38297) crypto_test: verify_dleq   x50: 50185 us/op
19-mpi-iram,bench mpi 79,True,mpi unchained x1000,3,6736,,,,,I (16531) bls_test: mpi unchained x1000      x3       6736 us/op
19-mpi-iram,bench mpi 79,True,mpi chained x1000,3,6757,,,,,I (16556) bls_test: mpi chained x1000        x3       6757 us/op
19-mpi-iram,bench mpi 79,True,suite_verify n=10 dk,2,1583666,,,,,I (20576) bls_test: suite_verify n=10 dk     x2    1583666 us/op
19-mpi-iram,bench mpi 79,True,swap crypto n=10 dk,2,3830649,,,,,I (28241) bls_test: swap crypto n=10 dk      x2    3830649 us/op
19-mpi-iram,bench verify 119 11,True,suite_verify cold n=10,1,1390257,,,,,"I (30510) bls_test: suite_verify cold n=10: 1390257 us, valid=1"
19-mpi-iram,bench verify 119 11,True,suite_verify n=10 dk,2,1222686,,,,,I (32970) bls_test: suite_verify n=10 dk     x2    1222686 us/op
19-mpi-iram,bench verify 119 11,True,swap crypto n=10 dk,2,3080802,,,,,I (39135) bls_test: swap crypto n=10 dk      x2    3080802 us/op
19-mpi-iram,bench nutroot quick opt=3,True,keypair full scalar,8,15657,15607,,15646,,I (39438) nutroot: keypair full scalar      x8  mean    15657 med    15646 min    15607 us
19-mpi-iram,bench nutroot quick opt=3,True,sign incl keypair,8,33681,33678,,33678,,I (39719) nutroot: sign incl keypair        x8  mean    33681 med    33678 min    33678 us
19-mpi-iram,bench nutroot quick opt=3,True,sign retained keypair,8,17834,17813,,17813,,I (39873) nutroot: sign retained keypair    x8  mean    17834 med    17813 min    17813 us
19-mpi-iram,bench nutroot quick opt=3,True,schnorr verify,8,17784,17777,,17786,,I (40026) nutroot: schnorr verify           x8  mean    17784 med    17786 min    17777 us
19-mpi-iram,bench nutroot quick opt=3,True,ECDH full scalar,8,17696,17695,,17696,,I (40180) nutroot: ECDH full scalar         x8  mean    17696 med    17696 min    17695 us
19-mpi-iram,bench nutroot quick opt=3,True,parse compressed key,8,1675,1618,,1618,,I (40206) nutroot: parse compressed key     x8  mean     1675 med     1618 min     1618 us
19-mpi-iram,bench nutroot quick opt=3,True,threshold 2/3 checks=2,3,65020,65011,,65011,,I (40619) nutroot: threshold 2/3 checks=2   x3  mean    65020 med    65011 min    65011 us
19-mpi-iram,bench nutroot quick opt=3,True,threshold 3/5 checks=3,3,88789,88346,,89011,,I (41192) nutroot: threshold 3/5 checks=3   x3  mean    88789 med    89011 min    88346 us
19-mpi-iram,bench nutroot quick opt=3,True,threshold 8/15 checks=8,3,206140,205862,,206011,,I (42561) nutroot: threshold 8/15 checks=8  x3  mean   206140 med   206011 min   205862 us
19-mpi-iram,bench,True,hash_to_curve,100,3412,,,,,I (43034) crypto_test: hash_to_curve x100: 3412 us/op
19-mpi-iram,bench,True,blind_message,50,20046,,,,,I (44041) crypto_test: blind_message x50: 20046 us/op
19-mpi-iram,bench,True,verify_dleq,50,56980,,,,,I (46898) crypto_test: verify_dleq   x50: 56980 us/op
21-current,bench mpi 79,False,mpi unchained x1000,3,6752,,,,,I (16644) bls_test: mpi unchained x1000      x3       6752 us/op
21-current,bench mpi 79,False,mpi chained x1000,3,6757,,,,,I (16669) bls_test: mpi chained x1000        x3       6757 us/op
21-current,bench mpi 79,False,suite_verify n=10 dk,2,1618867,,,,,I (20760) bls_test: suite_verify n=10 dk     x2    1618867 us/op
21-current,bench mpi 79,False,swap crypto n=10 dk,2,3903884,,,,,I (28572) bls_test: swap crypto n=10 dk      x2    3903884 us/op
21-current,bench verify 111 11,False,suite_verify cold n=10,1,1417185,,,,,"I (30911) bls_test: suite_verify cold n=10: 1417185 us, valid=1"
21-current,bench verify 111 11,False,suite_verify n=10 dk,2,1249629,,,,,I (33424) bls_test: suite_verify n=10 dk     x2    1249629 us/op
21-current,bench verify 111 11,False,swap crypto n=10 dk,2,3137179,,,,,I (39703) bls_test: swap crypto n=10 dk      x2    3137179 us/op
21-current,bench verify 119 11,False,suite_verify cold n=10,1,1401944,,,,,"I (42065) bls_test: suite_verify cold n=10: 1401944 us, valid=1"
21-current,bench verify 119 11,False,suite_verify n=10 dk,2,1219511,,,,,I (44519) bls_test: suite_verify n=10 dk     x2    1219511 us/op
21-current,bench verify 119 11,False,swap crypto n=10 dk,2,3103376,,,,,I (50730) bls_test: swap crypto n=10 dk      x2    3103376 us/op
21-current,bench verify 367 11,False,suite_verify cold n=10,1,1396090,,,,,"I (53101) bls_test: suite_verify cold n=10: 1396090 us, valid=1"
21-current,bench verify 367 11,False,suite_verify n=10 dk,2,1214199,,,,,I (55543) bls_test: suite_verify n=10 dk     x2    1214199 us/op
21-current,bench verify 367 11,False,swap crypto n=10 dk,2,3094170,,,,,I (61736) bls_test: swap crypto n=10 dk      x2    3094170 us/op
21-current,bench verify 375 11,False,suite_verify cold n=10,1,1494273,,,,,"I (64123) bls_test: suite_verify cold n=10: 1494273 us, valid=1"
21-current,bench verify 375 11,False,suite_verify n=10 dk,2,1304107,,,,,I (66745) bls_test: suite_verify n=10 dk     x2    1304107 us/op
21-current,bench verify 375 11,False,swap crypto n=10 dk,2,3271043,,,,,I (73291) bls_test: swap crypto n=10 dk      x2    3271043 us/op
21-current,bench verify 367 11,False,suite_verify cold n=10,1,1397139,,,,,"I (75691) bls_test: suite_verify cold n=10: 1397139 us, valid=1"
21-current,bench verify 367 11,False,suite_verify n=10 dk,2,1213738,,,,,I (78132) bls_test: suite_verify n=10 dk     x2    1213738 us/op
21-current,bench verify 367 11,False,swap crypto n=10 dk,2,3094260,,,,,I (84324) bls_test: swap crypto n=10 dk      x2    3094260 us/op
21-current,bench nutroot quick opt=15,False,keypair full scalar,8,8269,8182,,8194,,I (84441) nutroot: keypair full scalar      x8  mean     8269 med     8194 min     8182 us
21-current,bench nutroot quick opt=15,False,sign incl keypair,8,19905,19864,,19911,,I (84611) nutroot: sign incl keypair        x8  mean    19905 med    19911 min    19864 us
21-current,bench nutroot quick opt=15,False,sign retained keypair,8,10987,10972,,10972,,I (84709) nutroot: sign retained keypair    x8  mean    10987 med    10972 min    10972 us
21-current,bench nutroot quick opt=15,False,schnorr verify,8,17867,17863,,17866,,I (84863) nutroot: schnorr verify           x8  mean    17867 med    17866 min    17863 us
21-current,bench nutroot quick opt=15,False,ECDH full scalar,8,17675,17673,,17675,,I (85016) nutroot: ECDH full scalar         x8  mean    17675 med    17675 min    17673 us
21-current,bench nutroot quick opt=15,False,parse compressed key,8,1677,1619,,1619,,I (85042) nutroot: parse compressed key     x8  mean     1677 med     1619 min     1619 us
21-current,bench nutroot quick opt=15,False,threshold 2/3 checks=2,3,63781,63322,,64011,,I (85393) nutroot: threshold 2/3 checks=2   x3  mean    63781 med    64011 min    63322 us
21-current,bench nutroot quick opt=15,False,threshold 3/5 checks=3,3,85249,85011,,85011,,I (85867) nutroot: threshold 3/5 checks=3   x3  mean    85249 med    85011 min    85011 us
21-current,bench nutroot quick opt=15,False,threshold 8/15 checks=8,3,193977,193911,,194011,,I (86960) nutroot: threshold 8/15 checks=8  x3  mean   193977 med   194011 min   193911 us
21-current,bench nutroot quick opt=31,False,keypair full scalar,8,8269,8182,,8194,,I (87111) nutroot: keypair full scalar      x8  mean     8269 med     8194 min     8182 us
21-current,bench nutroot quick opt=31,False,sign incl keypair,8,19905,19863,,19911,,I (87281) nutroot: sign incl keypair        x8  mean    19905 med    19911 min    19863 us
21-current,bench nutroot quick opt=31,False,sign retained keypair,8,10992,10972,,10972,,I (87380) nutroot: sign retained keypair    x8  mean    10992 med    10972 min    10972 us
21-current,bench nutroot quick opt=31,False,schnorr verify,8,17866,17863,,17866,,I (87534) nutroot: schnorr verify           x8  mean    17866 med    17866 min    17863 us
21-current,bench nutroot quick opt=31,False,ECDH full scalar,8,17674,17673,,17675,,I (87687) nutroot: ECDH full scalar         x8  mean    17674 med    17675 min    17673 us
21-current,bench nutroot quick opt=31,False,parse compressed key,8,1677,1619,,1619,,I (87713) nutroot: parse compressed key     x8  mean     1677 med     1619 min     1619 us
21-current,bench nutroot quick opt=31,False,threshold 2/3 checks=0,3,68780,68318,,69011,,I (88084) nutroot: threshold 2/3 checks=0   x3  mean    68780 med    69011 min    68318 us
21-current,bench nutroot quick opt=31,False,threshold 3/5 checks=0,3,89076,89011,,89011,,I (88573) nutroot: threshold 3/5 checks=0   x3  mean    89076 med    89011 min    89011 us
21-current,bench nutroot quick opt=31,False,threshold 8/15 checks=0,3,189450,189011,,189330,,I (89650) nutroot: threshold 8/15 checks=0  x3  mean   189450 med   189330 min   189011 us
21-current,bench nutroot quick opt=63,False,keypair full scalar,8,8269,8182,,8194,,I (89785) nutroot: keypair full scalar      x8  mean     8269 med     8194 min     8182 us
21-current,bench nutroot quick opt=63,False,sign incl keypair,8,19905,19866,,19911,,I (89955) nutroot: sign incl keypair        x8  mean    19905 med    19911 min    19866 us
21-current,bench nutroot quick opt=63,False,sign retained keypair,8,10987,10972,,10972,,I (90053) nutroot: sign retained keypair    x8  mean    10987 med    10972 min    10972 us
21-current,bench nutroot quick opt=63,False,schnorr verify,8,17866,17863,,17866,,I (90207) nutroot: schnorr verify           x8  mean    17866 med    17866 min    17863 us
21-current,bench nutroot quick opt=63,False,ECDH full scalar,8,17699,17673,,17675,,I (90361) nutroot: ECDH full scalar         x8  mean    17699 med    17675 min    17673 us
21-current,bench nutroot quick opt=63,False,parse compressed key,8,1677,1619,,1619,,I (90387) nutroot: parse compressed key     x8  mean     1677 med     1619 min     1619 us
21-current,bench nutroot quick opt=63,False,threshold 2/3 checks=0,3,100900,100680,,101011,,I (90887) nutroot: threshold 2/3 checks=0   x3  mean   100900 med   101011 min   100680 us
21-current,bench nutroot quick opt=63,False,threshold 3/5 checks=0,3,131227,131011,,131011,,I (91545) nutroot: threshold 3/5 checks=0   x3  mean   131227 med   131011 min   131011 us
21-current,bench nutroot quick opt=63,False,threshold 8/15 checks=0,3,243645,242914,,244011,,I (92841) nutroot: threshold 8/15 checks=0  x3  mean   243645 med   244011 min   242914 us
22-hot-iram,bench mpi 79,True,mpi unchained x1000,3,6736,,,,,I (16592) bls_test: mpi unchained x1000      x3       6736 us/op
22-hot-iram,bench mpi 79,True,mpi chained x1000,3,6759,,,,,I (16617) bls_test: mpi chained x1000        x3       6759 us/op
22-hot-iram,bench mpi 79,True,suite_verify n=10 dk,2,1577958,,,,,I (20617) bls_test: suite_verify n=10 dk     x2    1577958 us/op
22-hot-iram,bench mpi 79,True,swap crypto n=10 dk,2,3814901,,,,,I (28251) bls_test: swap crypto n=10 dk      x2    3814901 us/op
22-hot-iram,bench verify 367 11,True,suite_verify cold n=10,1,1379369,,,,,"I (30517) bls_test: suite_verify cold n=10: 1379369 us, valid=1"
22-hot-iram,bench verify 367 11,True,suite_verify n=10 dk,2,1210611,,,,,I (32952) bls_test: suite_verify n=10 dk     x2    1210611 us/op
22-hot-iram,bench verify 367 11,True,swap crypto n=10 dk,2,3056454,,,,,I (39069) bls_test: swap crypto n=10 dk      x2    3056454 us/op
22-hot-iram,bench nutroot quick opt=15,True,keypair full scalar,8,8091,8031,,8031,,I (39287) nutroot: keypair full scalar      x8  mean     8091 med     8031 min     8031 us
22-hot-iram,bench nutroot quick opt=15,True,sign incl keypair,8,19302,19141,,19298,,I (39456) nutroot: sign incl keypair        x8  mean    19302 med    19298 min    19141 us
22-hot-iram,bench nutroot quick opt=15,True,sign retained keypair,8,10707,10694,,10694,,I (39553) nutroot: sign retained keypair    x8  mean    10707 med    10694 min    10694 us
22-hot-iram,bench nutroot quick opt=15,True,schnorr verify,8,16548,16540,,16551,,I (39698) nutroot: schnorr verify           x8  mean    16548 med    16551 min    16540 us
22-hot-iram,bench nutroot quick opt=15,True,ECDH full scalar,8,17412,17329,,17424,,I (39851) nutroot: ECDH full scalar         x8  mean    17412 med    17424 min    17329 us
22-hot-iram,bench nutroot quick opt=15,True,parse compressed key,8,1645,1625,,1625,,I (39877) nutroot: parse compressed key     x8  mean     1645 med     1625 min     1625 us
22-hot-iram,bench nutroot quick opt=15,True,threshold 2/3 checks=2,3,58903,58701,,59005,,I (40204) nutroot: threshold 2/3 checks=2   x3  mean    58903 med    59005 min    58701 us
22-hot-iram,bench nutroot quick opt=15,True,threshold 3/5 checks=3,3,79866,79589,,80005,,I (40651) nutroot: threshold 3/5 checks=3   x3  mean    79866 med    80005 min    79589 us
22-hot-iram,bench nutroot quick opt=15,True,threshold 8/15 checks=8,3,182810,182420,,183005,,I (41688) nutroot: threshold 8/15 checks=8  x3  mean   182810 med   183005 min   182420 us
22-hot-iram,bench nutroot current opt=15,True,BLS verify cold n=10,1,1380933,1380933,1380933,,,I (44549) nutroot_current: BLS verify cold n=10          x1 mean 1380933 min 1380933 max 1380933 us
22-hot-iram,bench nutroot current opt=15,True,BLS verify warm n=10,4,1200051,1199621,1200580,,,I (49357) nutroot_current: BLS verify warm n=10          x4 mean 1200051 min 1199621 max 1200580 us
22-hot-iram,bench nutroot current opt=15,True,recover+sign separate n=10,3,699278,699038,699614,,,I (51461) nutroot_current: recover+sign separate n=10    x3 mean 699278 min 699038 max 699614 us
22-hot-iram,bench nutroot current opt=15,True,recover+sign retained n=10,3,479927,479650,480247,,,I (53096) nutroot_current: recover+sign retained n=10    x3 mean 479927 min 479650 max 480247 us
22-hot-iram,bench nutroot current opt=15,True,current witnesses n=10,3,189136,189057,189229,,,I (53670) nutroot_current: current witnesses n=10        x3 mean 189136 min 189057 max 189229 us
22-hot-iram,bench nutroot current opt=15,True,blind full factors n=10,3,319313,319210,319418,,,I (54634) nutroot_current: blind full factors n=10       x3 mean 319313 min 319210 max 319418 us
22-hot-iram,bench nutroot current opt=15,True,unblind+verify separate n=10,3,1538223,1538033,1538469,,,I (59255) nutroot_current: unblind+verify separate n=10  x3 mean 1538223 min 1538033 max 1538469 us
22-hot-iram,bench nutroot current opt=15,True,unblind+verify retained n=10,3,1437107,1429172,1449425,,,I (63573) nutroot_current: unblind+verify retained n=10  x3 mean 1437107 min 1429172 max 1449425 us
22-hot-iram,bench nutroot current opt=15,True,leaf slot match at 120,2,1004862,1004726,1004998,,,I (65615) nutroot_current: leaf slot match at 120        x2 mean 1004862 min 1004726 max 1004998 us
22-hot-iram,bench nutroot current opt=15,True,blst SHA256 33B x100,3,3698,3660,3776,,,I (65632) nutroot_current: blst SHA256 33B x100          x3 mean 3698 min 3660 max 3776 us
22-hot-iram,bench nutroot current opt=15,True,IDF SHA256 33B x100,3,1908,1880,1966,,,I (65642) nutroot_current: IDF SHA256 33B x100           x3 mean 1908 min 1880 max 1966 us
22-hot-iram,bench nutroot current opt=15,True,blst SHA256 1KiB x100,3,58749,58740,58767,,,I (65823) nutroot_current: blst SHA256 1KiB x100         x3 mean 58749 min 58740 max 58767 us
22-hot-iram,bench nutroot current opt=15,True,IDF SHA256 1KiB x100,3,4063,4019,4150,,,I (65841) nutroot_current: IDF SHA256 1KiB x100          x3 mean 4063 min 4019 max 4150 us
22-hot-iram,bench nutroot current opt=15,True,secp field mul x1000,3,9441,9422,9479,,,I (65875) nutroot_current: secp field mul x1000          x3 mean 9441 min 9422 max 9479 us
22-hot-iram,bench nutroot current opt=15,True,secp field square x1000,3,5853,5847,5867,,,I (65897) nutroot_current: secp field square x1000       x3 mean 5853 min 5847 max 5867 us
22-hot-iram,bench nutroot current opt=15,True,secp scalar mul x1000,3,11107,11020,11282,,,I (65937) nutroot_current: secp scalar mul x1000         x3 mean 11107 min 11020 max 11282 us
22-hot-iram,bench nutroot current opt=15,True,MPI raw 256-bit x1000,3,6081,6081,6083,,,I (65962) nutroot_current: MPI raw 256-bit x1000         x3 mean 6081 min 6081 max 6083 us
22-hot-iram,bench nutroot current opt=15,True,MPI raw 384-bit x1000,3,9762,9762,9764,,,I (65996) nutroot_current: MPI raw 384-bit x1000         x3 mean 9762 min 9762 max 9764 us
22-hot-iram,bench nutroot current opt=15,True,MPI raw 768-bit x1000,3,25646,25644,25647,,,I (66078) nutroot_current: MPI raw 768-bit x1000         x3 mean 25646 min 25644 max 25647 us
22-hot-iram,bench nutroot current opt=15,True,MPI raw 1152-bit x1000,3,48786,48783,48788,,,I (66229) nutroot_current: MPI raw 1152-bit x1000        x3 mean 48786 min 48783 max 48788 us
22-hot-iram,bench nutroot current opt=15,True,MPI raw 1536-bit x1000,3,79261,79206,79364,,,I (66473) nutroot_current: MPI raw 1536-bit x1000        x3 mean 79261 min 79206 max 79364 us
22-hot-iram,bench mpi 591,True,mpi unchained x1000,3,6736,,,,,I (66952) bls_test: mpi unchained x1000      x3       6736 us/op
22-hot-iram,bench mpi 591,True,mpi chained x1000,3,6759,,,,,I (66977) bls_test: mpi chained x1000        x3       6759 us/op
22-hot-iram,bench mpi 591,True,suite_verify cold n=10,1,1197180,,,,,"I (69016) bls_test: suite_verify cold n=10: 1197180 us, valid=1"
22-hot-iram,bench mpi 591,True,suite_verify n=10 dk,2,1197046,,,,,I (71424) bls_test: suite_verify n=10 dk     x2    1197046 us/op
22-hot-iram,bench mpi 591,True,swap crypto n=10 dk,2,3056426,,,,,I (77541) bls_test: swap crypto n=10 dk      x2    3056426 us/op
22-hot-iram,bench nutroot quick opt=15,True,keypair full scalar,8,8091,8031,,8031,,I (88605) nutroot: keypair full scalar      x8  mean     8091 med     8031 min     8031 us
22-hot-iram,bench nutroot quick opt=15,True,sign incl keypair,8,19279,19139,,19298,,I (88774) nutroot: sign incl keypair        x8  mean    19279 med    19298 min    19139 us
22-hot-iram,bench nutroot quick opt=15,True,sign retained keypair,8,10706,10694,,10694,,I (88871) nutroot: sign retained keypair    x8  mean    10706 med    10694 min    10694 us
22-hot-iram,bench nutroot quick opt=15,True,schnorr verify,8,16547,16540,,16551,,I (89016) nutroot: schnorr verify           x8  mean    16547 med    16551 min    16540 us
22-hot-iram,bench nutroot quick opt=15,True,ECDH full scalar,8,17412,17329,,17424,,I (89169) nutroot: ECDH full scalar         x8  mean    17412 med    17424 min    17329 us
22-hot-iram,bench nutroot quick opt=15,True,parse compressed key,8,637,618,,618,,I (89187) nutroot: parse compressed key     x8  mean      637 med      618 min      618 us
22-hot-iram,bench nutroot quick opt=15,True,threshold 2/3 checks=2,3,51910,51722,,52005,,I (89485) nutroot: threshold 2/3 checks=2   x3  mean    51910 med    52005 min    51722 us
22-hot-iram,bench nutroot quick opt=15,True,threshold 3/5 checks=3,3,70941,70813,,71005,,I (89895) nutroot: threshold 3/5 checks=3   x3  mean    70941 med    71005 min    70813 us
22-hot-iram,bench nutroot quick opt=15,True,threshold 8/15 checks=8,3,163553,163005,,163650,,I (90854) nutroot: threshold 8/15 checks=8  x3  mean   163553 med   163650 min   163005 us
22-hot-iram,bench nutroot quick opt=31,True,keypair full scalar,8,8311,8031,,8032,,I (91121) nutroot: keypair full scalar      x8  mean     8311 med     8032 min     8031 us
22-hot-iram,bench nutroot quick opt=31,True,sign incl keypair,8,19455,19138,,19300,,I (91291) nutroot: sign incl keypair        x8  mean    19455 med    19300 min    19138 us
22-hot-iram,bench nutroot quick opt=31,True,sign retained keypair,8,10791,10694,,10694,,I (91390) nutroot: sign retained keypair    x8  mean    10791 med    10694 min    10694 us
22-hot-iram,bench nutroot quick opt=31,True,schnorr verify,8,16752,16540,,16561,,I (91536) nutroot: schnorr verify           x8  mean    16752 med    16561 min    16540 us
22-hot-iram,bench nutroot quick opt=31,True,ECDH full scalar,8,17747,17336,,17424,,I (91691) nutroot: ECDH full scalar         x8  mean    17747 med    17424 min    17336 us
22-hot-iram,bench nutroot quick opt=31,True,parse compressed key,8,637,618,,618,,I (91709) nutroot: parse compressed key     x8  mean      637 med      618 min      618 us
22-hot-iram,bench nutroot quick opt=31,True,threshold 2/3 checks=0,3,53733,53005,,53190,,I (92015) nutroot: threshold 2/3 checks=0   x3  mean    53733 med    53190 min    53005 us
22-hot-iram,bench nutroot quick opt=31,True,threshold 3/5 checks=0,3,69289,68858,,69005,,I (92421) nutroot: threshold 3/5 checks=0   x3  mean    69289 med    69005 min    68858 us
22-hot-iram,bench nutroot quick opt=31,True,threshold 8/15 checks=8,3,164591,163764,,164005,,I (93385) nutroot: threshold 8/15 checks=8  x3  mean   164591 med   164005 min   163764 us
22-hot-iram,bench nutroot current opt=15,True,BLS verify cold n=10,1,1380554,1380554,1380554,,,I (96358) nutroot_current: BLS verify cold n=10          x1 mean 1380554 min 1380554 max 1380554 us
22-hot-iram,bench nutroot current opt=15,True,BLS verify warm n=10,4,1200240,1199934,1200835,,,I (101167) nutroot_current: BLS verify warm n=10          x4 mean 1200240 min 1199934 max 1200835 us
22-hot-iram,bench nutroot current opt=15,True,recover+sign separate n=10,3,668908,668599,669352,,,I (103179) nutroot_current: recover+sign separate n=10    x3 mean 668908 min 668599 max 669352 us
22-hot-iram,bench nutroot current opt=15,True,recover+sign retained n=10,3,459414,458883,459863,,,I (104741) nutroot_current: recover+sign retained n=10    x3 mean 459414 min 458883 max 459863 us
22-hot-iram,bench nutroot current opt=15,True,current witnesses n=10,3,178939,178902,179013,,,I (105283) nutroot_current: current witnesses n=10        x3 mean 178939 min 178902 max 179013 us
22-hot-iram,bench nutroot current opt=15,True,blind full factors n=10,3,319340,319218,319571,,,I (106247) nutroot_current: blind full factors n=10       x3 mean 319340 min 319218 max 319571 us
22-hot-iram,bench nutroot current opt=15,True,unblind+verify separate n=10,3,1538360,1538143,1538602,,,I (110868) nutroot_current: unblind+verify separate n=10  x3 mean 1538360 min 1538143 max 1538602 us
22-hot-iram,bench nutroot current opt=15,True,unblind+verify retained n=10,3,1428590,1428118,1429193,,,I (115160) nutroot_current: unblind+verify retained n=10  x3 mean 1428590 min 1428118 max 1429193 us
22-hot-iram,bench nutroot current opt=15,True,leaf slot match at 120,2,1004960,1004922,1004998,,,I (117201) nutroot_current: leaf slot match at 120        x2 mean 1004960 min 1004922 max 1004998 us
22-hot-iram,bench nutroot current opt=15,True,blst SHA256 33B x100,3,3700,3660,3782,,,I (117218) nutroot_current: blst SHA256 33B x100          x3 mean 3700 min 3660 max 3782 us
22-hot-iram,bench nutroot current opt=15,True,IDF SHA256 33B x100,3,1905,1880,1955,,,I (117228) nutroot_current: IDF SHA256 33B x100           x3 mean 1905 min 1880 max 1955 us
22-hot-iram,bench nutroot current opt=15,True,blst SHA256 1KiB x100,3,58784,58740,58863,,,I (117409) nutroot_current: blst SHA256 1KiB x100         x3 mean 58784 min 58740 max 58863 us
22-hot-iram,bench nutroot current opt=15,True,IDF SHA256 1KiB x100,3,4071,4019,4174,,,I (117428) nutroot_current: IDF SHA256 1KiB x100          x3 mean 4071 min 4019 max 4174 us
22-hot-iram,bench nutroot current opt=15,True,secp field mul x1000,3,9437,9422,9469,,,I (117462) nutroot_current: secp field mul x1000          x3 mean 9437 min 9422 max 9469 us
22-hot-iram,bench nutroot current opt=15,True,secp field square x1000,3,5848,5847,5851,,,I (117484) nutroot_current: secp field square x1000       x3 mean 5848 min 5847 max 5851 us
22-hot-iram,bench nutroot current opt=15,True,secp scalar mul x1000,3,11108,11020,11284,,,I (117524) nutroot_current: secp scalar mul x1000         x3 mean 11108 min 11020 max 11284 us
22-hot-iram,bench nutroot current opt=15,True,MPI raw 256-bit x1000,3,6081,6081,6083,,,I (117549) nutroot_current: MPI raw 256-bit x1000         x3 mean 6081 min 6081 max 6083 us
22-hot-iram,bench nutroot current opt=15,True,MPI raw 384-bit x1000,3,9763,9762,9767,,,I (117583) nutroot_current: MPI raw 384-bit x1000         x3 mean 9763 min 9762 max 9767 us
22-hot-iram,bench nutroot current opt=15,True,MPI raw 768-bit x1000,3,25648,25647,25650,,,I (117665) nutroot_current: MPI raw 768-bit x1000         x3 mean 25648 min 25647 max 25650 us
22-hot-iram,bench nutroot current opt=15,True,MPI raw 1152-bit x1000,3,48786,48783,48788,,,I (117817) nutroot_current: MPI raw 1152-bit x1000        x3 mean 48786 min 48783 max 48788 us
22-hot-iram,bench nutroot current opt=15,True,MPI raw 1536-bit x1000,3,79209,79206,79216,,,I (118061) nutroot_current: MPI raw 1536-bit x1000        x3 mean 79209 min 79206 max 79216 us
22-hot-iram,bench nutroot current opt=31,True,BLS verify cold n=10,1,1381241,1381241,1381241,,,I (120977) nutroot_current: BLS verify cold n=10          x1 mean 1381241 min 1381241 max 1381241 us
22-hot-iram,bench nutroot current opt=31,True,BLS verify warm n=10,4,1207034,1199980,1221211,,,I (125813) nutroot_current: BLS verify warm n=10          x4 mean 1207034 min 1199980 max 1221211 us
22-hot-iram,bench nutroot current opt=31,True,recover+sign separate n=10,3,668894,668599,669276,,,I (127825) nutroot_current: recover+sign separate n=10    x3 mean 668894 min 668599 max 669276 us
22-hot-iram,bench nutroot current opt=31,True,recover+sign retained n=10,3,459035,458883,459169,,,I (129389) nutroot_current: recover+sign retained n=10    x3 mean 459035 min 458883 max 459169 us
22-hot-iram,bench nutroot current opt=31,True,current witnesses n=10,3,180914,180879,180984,,,I (129937) nutroot_current: current witnesses n=10        x3 mean 180914 min 180879 max 180984 us
22-hot-iram,bench nutroot current opt=31,True,blind full factors n=10,3,319310,319233,319406,,,I (130901) nutroot_current: blind full factors n=10       x3 mean 319310 min 319233 max 319406 us
22-hot-iram,bench nutroot current opt=31,True,unblind+verify separate n=10,3,1538730,1538532,1539113,,,I (135523) nutroot_current: unblind+verify separate n=10  x3 mean 1538730 min 1538532 max 1539113 us
22-hot-iram,bench nutroot current opt=31,True,unblind+verify retained n=10,3,1428720,1428180,1429086,,,I (139816) nutroot_current: unblind+verify retained n=10  x3 mean 1428720 min 1428180 max 1429086 us
22-hot-iram,bench nutroot current opt=31,True,leaf slot match at 120,2,1004962,1004926,1004998,,,I (141857) nutroot_current: leaf slot match at 120        x2 mean 1004962 min 1004926 max 1004998 us
22-hot-iram,bench nutroot current opt=31,True,blst SHA256 33B x100,3,3700,3660,3780,,,I (141874) nutroot_current: blst SHA256 33B x100          x3 mean 3700 min 3660 max 3780 us
22-hot-iram,bench nutroot current opt=31,True,IDF SHA256 33B x100,3,1908,1880,1965,,,I (141884) nutroot_current: IDF SHA256 33B x100           x3 mean 1908 min 1880 max 1965 us
22-hot-iram,bench nutroot current opt=31,True,blst SHA256 1KiB x100,3,58746,58740,58757,,,I (142065) nutroot_current: blst SHA256 1KiB x100         x3 mean 58746 min 58740 max 58757 us
22-hot-iram,bench nutroot current opt=31,True,IDF SHA256 1KiB x100,3,4058,4019,4135,,,I (142083) nutroot_current: IDF SHA256 1KiB x100          x3 mean 4058 min 4019 max 4135 us
22-hot-iram,bench nutroot current opt=31,True,secp field mul x1000,3,9442,9422,9483,,,I (142117) nutroot_current: secp field mul x1000          x3 mean 9442 min 9422 max 9483 us
22-hot-iram,bench nutroot current opt=31,True,secp field square x1000,3,5852,5847,5862,,,I (142139) nutroot_current: secp field square x1000       x3 mean 5852 min 5847 max 5862 us
22-hot-iram,bench nutroot current opt=31,True,secp scalar mul x1000,3,11105,11020,11275,,,I (142179) nutroot_current: secp scalar mul x1000         x3 mean 11105 min 11020 max 11275 us
22-hot-iram,bench nutroot current opt=31,True,MPI raw 256-bit x1000,3,6082,6081,6084,,,I (142204) nutroot_current: MPI raw 256-bit x1000         x3 mean 6082 min 6081 max 6084 us
22-hot-iram,bench nutroot current opt=31,True,MPI raw 384-bit x1000,3,9762,9762,9764,,,I (142238) nutroot_current: MPI raw 384-bit x1000         x3 mean 9762 min 9762 max 9764 us
22-hot-iram,bench nutroot current opt=31,True,MPI raw 768-bit x1000,3,25647,25647,25649,,,I (142320) nutroot_current: MPI raw 768-bit x1000         x3 mean 25647 min 25647 max 25649 us
22-hot-iram,bench nutroot current opt=31,True,MPI raw 1152-bit x1000,3,48846,48788,48957,,,I (142471) nutroot_current: MPI raw 1152-bit x1000        x3 mean 48846 min 48788 max 48957 us
22-hot-iram,bench nutroot current opt=31,True,MPI raw 1536-bit x1000,3,79210,79206,79218,,,I (142715) nutroot_current: MPI raw 1536-bit x1000        x3 mean 79210 min 79206 max 79218 us
23-fp2,bench verify 367 11,True,suite_verify cold n=10,1,1736816,,,,,"I (18893) bls_test: suite_verify cold n=10: 1736816 us, valid=1"
23-fp2,bench verify 367 11,True,suite_verify n=10 dk,2,1484409,,,,,I (21876) bls_test: suite_verify n=10 dk     x2    1484409 us/op
23-fp2,bench verify 367 11,True,swap crypto n=10 dk,2,3809144,,,,,I (29499) bls_test: swap crypto n=10 dk      x2    3809144 us/op
23-fp2,bench mpi 591,True,mpi unchained x1000,3,6763,,,,,I (30114) bls_test: mpi unchained x1000      x3       6763 us/op
23-fp2,bench mpi 591,True,mpi chained x1000,3,6762,,,,,I (30139) bls_test: mpi chained x1000        x3       6762 us/op
23-fp2,bench mpi 591,True,suite_verify cold n=10,1,1224261,,,,,"I (32219) bls_test: suite_verify cold n=10: 1224261 us, valid=1"
23-fp2,bench mpi 591,True,suite_verify n=10 dk,2,1213067,,,,,I (34659) bls_test: suite_verify n=10 dk     x2    1213067 us/op
23-fp2,bench mpi 591,True,swap crypto n=10 dk,2,3085985,,,,,I (40836) bls_test: swap crypto n=10 dk      x2    3085985 us/op
23-fp2,bench mpi 1615,True,mpi unchained x1000,3,6764,,,,,I (41478) bls_test: mpi unchained x1000      x3       6764 us/op
23-fp2,bench mpi 1615,True,mpi chained x1000,3,6761,,,,,I (41503) bls_test: mpi chained x1000        x3       6761 us/op
23-fp2,bench mpi 1615,True,suite_verify cold n=10,1,1155742,,,,,"I (43508) bls_test: suite_verify cold n=10: 1155742 us, valid=1"
23-fp2,bench mpi 1615,True,suite_verify n=10 dk,2,1155784,,,,,I (45833) bls_test: suite_verify n=10 dk     x2    1155784 us/op
23-fp2,bench mpi 1615,True,swap crypto n=10 dk,2,2975998,,,,,I (51790) bls_test: swap crypto n=10 dk      x2    2975998 us/op
23-fp2,bench mpi 2639,True,mpi unchained x1000,3,6760,,,,,I (62908) bls_test: mpi unchained x1000      x3       6760 us/op
23-fp2,bench mpi 2639,True,mpi chained x1000,3,6760,,,,,I (62933) bls_test: mpi chained x1000        x3       6760 us/op
23-fp2,bench mpi 2639,True,suite_verify cold n=10,1,1073874,,,,,"I (64858) bls_test: suite_verify cold n=10: 1073874 us, valid=1"
23-fp2,bench mpi 2639,True,suite_verify n=10 dk,2,1073769,,,,,I (67019) bls_test: suite_verify n=10 dk     x2    1073769 us/op
23-fp2,bench mpi 2639,True,swap crypto n=10 dk,2,2812602,,,,,I (72649) bls_test: swap crypto n=10 dk      x2    2812602 us/op
23-fp2,bench nutroot current opt=15,True,BLS verify cold n=10,1,1231151,1231151,1231151,,,I (85289) nutroot_current: BLS verify cold n=10          x1 mean 1231151 min 1231151 max 1231151 us
23-fp2,bench nutroot current opt=15,True,BLS verify warm n=10,4,1076487,1075949,1076745,,,I (89602) nutroot_current: BLS verify warm n=10          x4 mean 1076487 min 1075949 max 1076745 us
23-fp2,bench nutroot current opt=15,True,recover+sign separate n=10,3,672499,669285,678645,,,I (91627) nutroot_current: recover+sign separate n=10    x3 mean 672499 min 669285 max 678645 us
23-fp2,bench nutroot current opt=15,True,recover+sign retained n=10,3,462438,460711,465490,,,I (93203) nutroot_current: recover+sign retained n=10    x3 mean 462438 min 460711 max 465490 us
23-fp2,bench nutroot current opt=15,True,current witnesses n=10,3,179759,178892,181491,,,I (93747) nutroot_current: current witnesses n=10        x3 mean 179759 min 178892 max 181491 us
23-fp2,bench nutroot current opt=15,True,blind full factors n=10,3,320355,320227,320453,,,I (94714) nutroot_current: blind full factors n=10       x3 mean 320355 min 320227 max 320453 us
23-fp2,bench nutroot current opt=15,True,unblind+verify separate n=10,3,1416027,1415697,1416233,,,I (98968) nutroot_current: unblind+verify separate n=10  x3 mean 1416027 min 1415697 max 1416233 us
23-fp2,bench nutroot current opt=15,True,unblind+verify retained n=10,3,1306769,1306353,1307005,,,I (102894) nutroot_current: unblind+verify retained n=10  x3 mean 1306769 min 1306353 max 1307005 us
23-fp2,bench nutroot current opt=15,True,leaf slot match at 120,2,1004923,1004843,1005004,,,I (104935) nutroot_current: leaf slot match at 120        x2 mean 1004923 min 1004843 max 1005004 us
23-fp2,bench nutroot current opt=15,True,blst SHA256 33B x100,3,3698,3659,3776,,,I (104952) nutroot_current: blst SHA256 33B x100          x3 mean 3698 min 3659 max 3776 us
23-fp2,bench nutroot current opt=15,True,IDF SHA256 33B x100,3,1832,1803,1890,,,I (104962) nutroot_current: IDF SHA256 33B x100           x3 mean 1832 min 1803 max 1890 us
23-fp2,bench nutroot current opt=15,True,blst SHA256 1KiB x100,3,58736,58729,58750,,,I (105143) nutroot_current: blst SHA256 1KiB x100         x3 mean 58736 min 58729 max 58750 us
23-fp2,bench nutroot current opt=15,True,IDF SHA256 1KiB x100,3,3969,3927,4055,,,I (105160) nutroot_current: IDF SHA256 1KiB x100          x3 mean 3969 min 3927 max 4055 us
23-fp2,bench nutroot current opt=15,True,secp field mul x1000,3,9432,9409,9480,,,I (105194) nutroot_current: secp field mul x1000          x3 mean 9432 min 9409 max 9480 us
23-fp2,bench nutroot current opt=15,True,secp field square x1000,3,5843,5834,5859,,,I (105216) nutroot_current: secp field square x1000       x3 mean 5843 min 5834 max 5859 us
23-fp2,bench nutroot current opt=15,True,secp scalar mul x1000,3,11116,11026,11293,,,I (105256) nutroot_current: secp scalar mul x1000         x3 mean 11116 min 11026 max 11293 us
23-fp2,bench nutroot current opt=15,True,MPI raw 256-bit x1000,3,6092,6092,6094,,,I (105281) nutroot_current: MPI raw 256-bit x1000         x3 mean 6092 min 6092 max 6094 us
23-fp2,bench nutroot current opt=15,True,MPI raw 384-bit x1000,3,9782,9782,9783,,,I (105315) nutroot_current: MPI raw 384-bit x1000         x3 mean 9782 min 9782 max 9783 us
23-fp2,bench nutroot current opt=15,True,MPI raw 768-bit x1000,3,25701,25646,25802,,,I (105397) nutroot_current: MPI raw 768-bit x1000         x3 mean 25701 min 25646 max 25802 us
23-fp2,bench nutroot current opt=15,True,MPI raw 1152-bit x1000,3,48788,48787,48791,,,I (105549) nutroot_current: MPI raw 1152-bit x1000        x3 mean 48788 min 48787 max 48791 us
23-fp2,bench nutroot current opt=15,True,MPI raw 1536-bit x1000,3,79207,79206,79211,,,I (105793) nutroot_current: MPI raw 1536-bit x1000        x3 mean 79207 min 79206 max 79211 us
24-group,bench mpi 2639,True,mpi unchained x1000,3,6753,,,,,I (16573) bls_test: mpi unchained x1000      x3       6753 us/op
24-group,bench mpi 2639,True,mpi chained x1000,3,6761,,,,,I (16598) bls_test: mpi chained x1000        x3       6761 us/op
24-group,bench mpi 2639,True,suite_verify n=10 dk,2,1414132,,,,,I (20280) bls_test: suite_verify n=10 dk     x2    1414132 us/op
24-group,bench mpi 2639,True,swap crypto n=10 dk,2,3491975,,,,,I (27268) bls_test: swap crypto n=10 dk      x2    3491975 us/op
24-group,bench scale 367 11 10 1 3,True,scale cold,1,724180,,,,0,I (28367) bls_test: scale cold sample=0 time=724180 us valid=1
24-group,bench scale 367 11 10 1 3,True,scale warm,1,708175,,,,1,I (29078) bls_test: scale warm sample=1 time=708175 us valid=1
24-group,bench scale 367 11 10 1 3,True,scale warm,1,708156,,,,2,I (29789) bls_test: scale warm sample=2 time=708156 us valid=1
24-group,bench scale 367 11 10 1 3,True,scale warm,1,708408,,,,3,I (30500) bls_test: scale warm sample=3 time=708408 us valid=1
24-group,bench scale 879 11 10 1 3,True,scale cold,1,644522,,,,0,I (32224) bls_test: scale cold sample=0 time=644522 us valid=1
24-group,bench scale 879 11 10 1 3,True,scale warm,1,624859,,,,1,I (32851) bls_test: scale warm sample=1 time=624859 us valid=1
24-group,bench scale 879 11 10 1 3,True,scale warm,1,626033,,,,2,I (33480) bls_test: scale warm sample=2 time=626033 us valid=1
24-group,bench scale 879 11 10 1 3,True,scale warm,1,623762,,,,3,I (34106) bls_test: scale warm sample=3 time=623762 us valid=1
24-group,bench scale 887 11 10 1 3,True,scale cold,1,639637,,,,0,I (35857) bls_test: scale cold sample=0 time=639637 us valid=1
24-group,bench scale 887 11 10 1 3,True,scale warm,1,624021,,,,1,I (36484) bls_test: scale warm sample=1 time=624021 us valid=1
24-group,bench scale 887 11 10 1 3,True,scale warm,1,623755,,,,2,I (37110) bls_test: scale warm sample=2 time=623755 us valid=1
24-group,bench scale 887 11 10 1 3,True,scale warm,1,623762,,,,3,I (37736) bls_test: scale warm sample=3 time=623762 us valid=1
24-group,bench scale 1007 11 10 1 3,True,scale cold,1,639820,,,,0,I (39434) bls_test: scale cold sample=0 time=639820 us valid=1
24-group,bench scale 1007 11 10 1 3,True,scale warm,1,623780,,,,1,I (40061) bls_test: scale warm sample=1 time=623780 us valid=1
24-group,bench scale 1007 11 10 1 3,True,scale warm,1,623909,,,,2,I (40687) bls_test: scale warm sample=2 time=623909 us valid=1
24-group,bench scale 1007 11 10 1 3,True,scale warm,1,623762,,,,3,I (41313) bls_test: scale warm sample=3 time=623762 us valid=1
24-group,bench scale 367 11 10 3 3,True,scale cold,1,837651,,,,0,I (43217) bls_test: scale cold sample=0 time=837651 us valid=1
24-group,bench scale 367 11 10 3 3,True,scale warm,1,791768,,,,1,I (44011) bls_test: scale warm sample=1 time=791768 us valid=1
24-group,bench scale 367 11 10 3 3,True,scale warm,1,791997,,,,2,I (44805) bls_test: scale warm sample=2 time=791997 us valid=1
24-group,bench scale 367 11 10 3 3,True,scale warm,1,791998,,,,3,I (45601) bls_test: scale warm sample=3 time=791998 us valid=1
24-group,bench scale 879 11 10 3 3,True,scale cold,1,798585,,,,0,I (47683) bls_test: scale cold sample=0 time=798585 us valid=1
24-group,bench scale 879 11 10 3 3,True,scale warm,1,753082,,,,1,I (48439) bls_test: scale warm sample=1 time=753082 us valid=1
24-group,bench scale 879 11 10 3 3,True,scale warm,1,752889,,,,2,I (49194) bls_test: scale warm sample=2 time=752889 us valid=1
24-group,bench scale 879 11 10 3 3,True,scale warm,1,753889,,,,3,I (49950) bls_test: scale warm sample=3 time=753889 us valid=1
24-group,bench scale 879 11 32 1 2,True,scale cold,1,1620819,,,,0,I (53442) bls_test: scale cold sample=0 time=1620819 us valid=1
24-group,bench scale 879 11 32 1 2,True,scale warm,1,1604780,,,,1,I (55049) bls_test: scale warm sample=1 time=1604780 us valid=1
24-group,bench scale 879 11 32 1 2,True,scale warm,1,1604780,,,,2,I (56656) bls_test: scale warm sample=2 time=1604780 us valid=1
24-group,bench scale 879 11 32 10 2,True,scale cold,1,2270468,,,,0,I (61640) bls_test: scale cold sample=0 time=2270468 us valid=1
24-group,bench scale 879 11 32 10 2,True,scale warm,1,2117854,,,,1,I (63760) bls_test: scale warm sample=1 time=2117854 us valid=1
24-group,bench scale 879 11 32 10 2,True,scale warm,1,2102222,,,,2,I (65865) bls_test: scale warm sample=2 time=2102222 us valid=1
25b-qio-sha,bench mpi 2639,False,mpi unchained x1000,3,6750,,,,,I (16640) bls_test: mpi unchained x1000      x3       6750 us/op
25b-qio-sha,bench mpi 2639,False,mpi chained x1000,3,6754,,,,,I (16665) bls_test: mpi chained x1000        x3       6754 us/op
25b-qio-sha,bench mpi 2639,False,suite_verify n=10 dk,2,1389060,,,,,I (20268) bls_test: suite_verify n=10 dk     x2    1389060 us/op
25b-qio-sha,bench mpi 2639,False,swap crypto n=10 dk,2,3418455,,,,,I (27108) bls_test: swap crypto n=10 dk      x2    3418455 us/op
25b-qio-sha,bench verify 879 11,False,suite_verify cold n=10,1,1210070,,,,,"I (29279) bls_test: suite_verify cold n=10: 1210070 us, valid=1"
25b-qio-sha,bench verify 879 11,False,suite_verify n=10 dk,2,1064583,,,,,I (31422) bls_test: suite_verify n=10 dk     x2    1064583 us/op
25b-qio-sha,bench verify 879 11,False,swap crypto n=10 dk,2,2764012,,,,,I (36954) bls_test: swap crypto n=10 dk      x2    2764012 us/op
25b-qio-sha,bench nutroot quick opt=15,False,keypair full scalar,8,8071,8038,,8038,,I (37216) nutroot: keypair full scalar      x8  mean     8071 med     8038 min     8038 us
25b-qio-sha,bench nutroot quick opt=15,False,sign incl keypair,8,17970,17871,,17968,,I (37370) nutroot: sign incl keypair        x8  mean    17970 med    17968 min    17871 us
25b-qio-sha,bench nutroot quick opt=15,False,sign retained keypair,8,9605,9595,,9595,,I (37459) nutroot: sign retained keypair    x8  mean     9605 med     9595 min     9595 us
25b-qio-sha,bench nutroot quick opt=15,False,schnorr verify,8,15763,15761,,15762,,I (37596) nutroot: schnorr verify           x8  mean    15763 med    15762 min    15761 us
25b-qio-sha,bench nutroot quick opt=15,False,ECDH full scalar,8,16720,16681,,16726,,I (37741) nutroot: ECDH full scalar         x8  mean    16720 med    16726 min    16681 us
25b-qio-sha,bench nutroot quick opt=15,False,parse compressed key,8,628,617,,617,,I (37758) nutroot: parse compressed key     x8  mean      628 med      617 min      617 us
25b-qio-sha,bench nutroot quick opt=15,False,threshold 2/3 checks=2,3,49919,49747,,50005,,I (38044) nutroot: threshold 2/3 checks=2   x3  mean    49919 med    50005 min    49747 us
25b-qio-sha,bench nutroot quick opt=15,False,threshold 3/5 checks=3,3,67808,67416,,68005,,I (38436) nutroot: threshold 3/5 checks=3   x3  mean    67808 med    68005 min    67416 us
25b-qio-sha,bench nutroot quick opt=15,False,threshold 8/15 checks=8,3,155956,155858,,156005,,I (39352) nutroot: threshold 8/15 checks=8  x3  mean   155956 med   156005 min   155858 us
25b-qio-sha,bench mpi 6735,False,mpi unchained x1000,3,6752,,,,,I (39882) bls_test: mpi unchained x1000      x3       6752 us/op
25b-qio-sha,bench mpi 6735,False,mpi chained x1000,3,6759,,,,,I (39907) bls_test: mpi chained x1000        x3       6759 us/op
25b-qio-sha,bench mpi 6735,False,suite_verify cold n=10,1,1056491,,,,,"I (41783) bls_test: suite_verify cold n=10: 1056491 us, valid=1"
25b-qio-sha,bench mpi 6735,False,suite_verify n=10 dk,2,1056543,,,,,I (43910) bls_test: suite_verify n=10 dk     x2    1056543 us/op
25b-qio-sha,bench mpi 6735,False,swap crypto n=10 dk,2,2752895,,,,,I (49419) bls_test: swap crypto n=10 dk      x2    2752895 us/op
25c-qio-sha,bench mpi 6735,True,mpi unchained x1000,3,6753,,,,,I (16590) bls_test: mpi unchained x1000      x3       6753 us/op
25c-qio-sha,bench mpi 6735,True,mpi chained x1000,3,6759,,,,,I (16615) bls_test: mpi chained x1000        x3       6759 us/op
25c-qio-sha,bench mpi 6735,True,suite_verify n=10 dk,2,1388190,,,,,I (20216) bls_test: suite_verify n=10 dk     x2    1388190 us/op
25c-qio-sha,bench mpi 6735,True,swap crypto n=10 dk,2,3416760,,,,,I (27054) bls_test: swap crypto n=10 dk      x2    3416760 us/op
25c-qio-sha,bench verify 879 11,True,suite_verify cold n=10,1,1207720,,,,,"I (29177) bls_test: suite_verify cold n=10: 1207720 us, valid=1"
25c-qio-sha,bench verify 879 11,True,suite_verify n=10 dk,2,1062898,,,,,I (31317) bls_test: suite_verify n=10 dk     x2    1062898 us/op
25c-qio-sha,bench verify 879 11,True,swap crypto n=10 dk,2,2760742,,,,,I (36843) bls_test: swap crypto n=10 dk      x2    2760742 us/op
25c-qio-sha,bench nutroot current opt=15,True,BLS verify cold n=10,1,1210238,1210238,1210238,,,I (49230) nutroot_current: BLS verify cold n=10          x1 mean 1210238 min 1210238 max 1210238 us
25c-qio-sha,bench nutroot current opt=15,True,BLS verify warm n=10,4,1059748,1059575,1060182,,,I (53476) nutroot_current: BLS verify warm n=10          x4 mean 1059748 min 1059575 max 1060182 us
25c-qio-sha,bench nutroot current opt=15,True,recover+sign separate n=10,3,642852,642776,642971,,,I (55410) nutroot_current: recover+sign separate n=10    x3 mean 642852 min 642776 max 642971 us
25c-qio-sha,bench nutroot current opt=15,True,recover+sign retained n=10,3,440409,440295,440558,,,I (56906) nutroot_current: recover+sign retained n=10    x3 mean 440409 min 440295 max 440558 us
25c-qio-sha,bench nutroot current opt=15,True,current witnesses n=10,3,169312,169256,169377,,,I (57420) nutroot_current: current witnesses n=10        x3 mean 169312 min 169256 max 169377 us
25c-qio-sha,bench nutroot current opt=15,True,blind full factors n=10,3,306818,306807,306842,,,I (58346) nutroot_current: blind full factors n=10       x3 mean 306818 min 306807 max 306842 us
25c-qio-sha,bench nutroot current opt=15,True,unblind+verify separate n=10,3,1395333,1390245,1404584,,,I (62538) nutroot_current: unblind+verify separate n=10  x3 mean 1395333 min 1390245 max 1404584 us
25c-qio-sha,bench nutroot current opt=15,True,unblind+verify retained n=10,3,1284400,1283132,1286780,,,I (66397) nutroot_current: unblind+verify retained n=10  x3 mean 1284400 min 1283132 max 1286780 us
25c-qio-sha,bench nutroot current opt=15,True,unblind+verify batch inverse,3,1277183,1277018,1277401,,,I (70235) nutroot_current: unblind+verify batch inverse  x3 mean 1277183 min 1277018 max 1277401 us
25c-qio-sha,bench nutroot current opt=15,True,KDF cached prefix n=10,3,1082,1072,1103,,,I (70245) nutroot_current: KDF cached prefix n=10        x3 mean 1082 min 1072 max 1103 us
25c-qio-sha,bench nutroot current opt=15,True,KDF new context n=10,3,1553,1544,1571,,,I (70255) nutroot_current: KDF new context n=10          x3 mean 1553 min 1544 max 1571 us
25c-qio-sha,bench nutroot current opt=15,True,prepare current outputs n=10,3,393544,393444,393622,,,I (71441) nutroot_current: prepare current outputs n=10  x3 mean 393544 min 393444 max 393622 us
25c-qio-sha,bench nutroot current opt=15,True,read prepared outputs n=10,3,12,12,13,,,I (71448) nutroot_current: read prepared outputs n=10    x3 mean 12 min 12 max 13 us
25c-qio-sha,bench nutroot current opt=15,True,NUMS offset verify,5,9317,9243,9609,,,I (71504) nutroot_current: NUMS offset verify            x5 mean 9317 min 9243 max 9609 us
25c-qio-sha,bench nutroot current opt=15,True,leaf slot match at 120,2,1004913,1004826,1005000,,,I (73544) nutroot_current: leaf slot match at 120        x2 mean 1004913 min 1004826 max 1005000 us
25c-qio-sha,bench nutroot current opt=15,True,blst SHA256 33B x100,3,1510,1491,1549,,,I (73554) nutroot_current: blst SHA256 33B x100          x3 mean 1510 min 1491 max 1549 us
25c-qio-sha,bench nutroot current opt=15,True,IDF SHA256 33B x100,3,1817,1805,1841,,,I (73564) nutroot_current: IDF SHA256 33B x100           x3 mean 1817 min 1805 max 1841 us
25c-qio-sha,bench nutroot current opt=15,True,blst SHA256 1KiB x100,3,6838,6834,6848,,,I (73589) nutroot_current: blst SHA256 1KiB x100         x3 mean 6838 min 6834 max 6848 us
25c-qio-sha,bench nutroot current opt=15,True,IDF SHA256 1KiB x100,3,3952,3928,4002,,,I (73605) nutroot_current: IDF SHA256 1KiB x100          x3 mean 3952 min 3928 max 4002 us
25c-qio-sha,bench nutroot current opt=15,True,secp field mul x1000,3,9421,9409,9445,,,I (73639) nutroot_current: secp field mul x1000          x3 mean 9421 min 9409 max 9445 us
25c-qio-sha,bench nutroot current opt=15,True,secp field square x1000,3,5839,5835,5847,,,I (73661) nutroot_current: secp field square x1000       x3 mean 5839 min 5835 max 5847 us
25c-qio-sha,bench nutroot current opt=15,True,secp scalar mul x1000,3,11070,11026,11158,,,I (73700) nutroot_current: secp scalar mul x1000         x3 mean 11070 min 11026 max 11158 us
25c-qio-sha,bench nutroot current opt=15,True,MPI raw 256-bit x1000,3,6093,6093,6094,,,I (73725) nutroot_current: MPI raw 256-bit x1000         x3 mean 6093 min 6093 max 6094 us
25c-qio-sha,bench nutroot current opt=15,True,MPI raw 384-bit x1000,3,9781,9780,9782,,,I (73759) nutroot_current: MPI raw 384-bit x1000         x3 mean 9781 min 9780 max 9782 us
25c-qio-sha,bench nutroot current opt=15,True,MPI raw 768-bit x1000,3,25650,25647,25658,,,I (73841) nutroot_current: MPI raw 768-bit x1000         x3 mean 25650 min 25647 max 25658 us
25c-qio-sha,bench nutroot current opt=15,True,MPI raw 1152-bit x1000,3,48787,48786,48788,,,I (73993) nutroot_current: MPI raw 1152-bit x1000        x3 mean 48787 min 48786 max 48788 us
25c-qio-sha,bench nutroot current opt=15,True,MPI raw 1536-bit x1000,3,79209,79206,79216,,,I (74237) nutroot_current: MPI raw 1536-bit x1000        x3 mean 79209 min 79206 max 79216 us
26-small-ram-sign,bench mpi 6735,True,mpi unchained x1000,3,6753,,,,,I (16616) bls_test: mpi unchained x1000      x3       6753 us/op
26-small-ram-sign,bench mpi 6735,True,mpi chained x1000,3,6758,,,,,I (16641) bls_test: mpi chained x1000        x3       6758 us/op
26-small-ram-sign,bench mpi 6735,True,suite_verify n=10 dk,2,1388284,,,,,I (20242) bls_test: suite_verify n=10 dk     x2    1388284 us/op
26-small-ram-sign,bench mpi 6735,True,swap crypto n=10 dk,2,3416294,,,,,I (27079) bls_test: swap crypto n=10 dk      x2    3416294 us/op
26-small-ram-sign,bench verify 879 11,True,suite_verify cold n=10,1,1207718,,,,,"I (29165) bls_test: suite_verify cold n=10: 1207718 us, valid=1"
26-small-ram-sign,bench verify 879 11,True,suite_verify n=10 dk,2,1062053,,,,,I (31303) bls_test: suite_verify n=10 dk     x2    1062053 us/op
26-small-ram-sign,bench verify 879 11,True,swap crypto n=10 dk,2,2761755,,,,,I (36831) bls_test: swap crypto n=10 dk      x2    2761755 us/op
26-small-ram-sign,bench nutroot quick opt=15,True,keypair full scalar,8,8052,8026,,8027,,I (37017) nutroot: keypair full scalar      x8  mean     8052 med     8027 min     8026 us
26-small-ram-sign,bench nutroot quick opt=15,True,sign incl keypair,8,17768,17690,,17780,,I (37170) nutroot: sign incl keypair        x8  mean    17768 med    17780 min    17690 us
26-small-ram-sign,bench nutroot quick opt=15,True,sign retained keypair,8,9499,9491,,9491,,I (37259) nutroot: sign retained keypair    x8  mean     9499 med     9491 min     9491 us
26-small-ram-sign,bench nutroot quick opt=15,True,schnorr verify,8,15796,15775,,15782,,I (37396) nutroot: schnorr verify           x8  mean    15796 med    15782 min    15775 us
26-small-ram-sign,bench nutroot quick opt=15,True,ECDH full scalar,8,16712,16683,,16717,,I (37541) nutroot: ECDH full scalar         x8  mean    16712 med    16717 min    16683 us
26-small-ram-sign,bench nutroot quick opt=15,True,parse compressed key,8,630,618,,618,,I (37558) nutroot: parse compressed key     x8  mean      630 med      618 min      618 us
26-small-ram-sign,bench nutroot quick opt=15,True,threshold 2/3 checks=2,3,49771,49304,,50005,,I (37843) nutroot: threshold 2/3 checks=2   x3  mean    49771 med    50005 min    49304 us
26-small-ram-sign,bench nutroot quick opt=15,True,threshold 3/5 checks=3,3,68042,68005,,68005,,I (38235) nutroot: threshold 3/5 checks=3   x3  mean    68042 med    68005 min    68005 us
26-small-ram-sign,bench nutroot quick opt=15,True,threshold 8/15 checks=8,3,156262,156005,,156005,,I (39151) nutroot: threshold 8/15 checks=8  x3  mean   156262 med   156005 min   156005 us
27-blst-O2,bench mpi 6735,True,mpi unchained x1000,3,6753,,,,,I (16606) bls_test: mpi unchained x1000      x3       6753 us/op
27-blst-O2,bench mpi 6735,True,mpi chained x1000,3,6757,,,,,I (16631) bls_test: mpi chained x1000        x3       6757 us/op
27-blst-O2,bench mpi 6735,True,suite_verify n=10 dk,2,1629218,,,,,I (20813) bls_test: suite_verify n=10 dk     x2    1629218 us/op
27-blst-O2,bench mpi 6735,True,swap crypto n=10 dk,2,3974053,,,,,I (28765) bls_test: swap crypto n=10 dk      x2    3974053 us/op
27-blst-O2,bench verify 879 11,True,suite_verify cold n=10,1,1417270,,,,,"I (31238) bls_test: suite_verify cold n=10: 1417270 us, valid=1"
27-blst-O2,bench verify 879 11,True,suite_verify n=10 dk,2,1252475,,,,,I (33757) bls_test: suite_verify n=10 dk     x2    1252475 us/op
27-blst-O2,bench verify 879 11,True,swap crypto n=10 dk,2,3209437,,,,,I (40179) bls_test: swap crypto n=10 dk      x2    3209437 us/op
27-blst-O2,bench nutroot quick opt=15,True,keypair full scalar,8,8084,8034,,8034,,I (40379) nutroot: keypair full scalar      x8  mean     8084 med     8034 min     8034 us
27-blst-O2,bench nutroot quick opt=15,True,sign incl keypair,8,17945,17927,,17948,,I (40532) nutroot: sign incl keypair        x8  mean    17945 med    17948 min    17927 us
27-blst-O2,bench nutroot quick opt=15,True,sign retained keypair,8,9615,9607,,9607,,I (40621) nutroot: sign retained keypair    x8  mean     9615 med     9607 min     9607 us
27-blst-O2,bench nutroot quick opt=15,True,schnorr verify,8,15782,15776,,15784,,I (40758) nutroot: schnorr verify           x8  mean    15782 med    15784 min    15776 us
27-blst-O2,bench nutroot quick opt=15,True,ECDH full scalar,8,16709,16675,,16714,,I (40903) nutroot: ECDH full scalar         x8  mean    16709 med    16714 min    16675 us
27-blst-O2,bench nutroot quick opt=15,True,parse compressed key,8,628,617,,617,,I (40920) nutroot: parse compressed key     x8  mean      628 med      617 min      617 us
27-blst-O2,bench nutroot quick opt=15,True,threshold 2/3 checks=2,3,49899,49688,,50005,,I (41206) nutroot: threshold 2/3 checks=2   x3  mean    49899 med    50005 min    49688 us
27-blst-O2,bench nutroot quick opt=15,True,threshold 3/5 checks=3,3,67737,67203,,68005,,I (41598) nutroot: threshold 3/5 checks=3   x3  mean    67737 med    68005 min    67203 us
27-blst-O2,bench nutroot quick opt=15,True,threshold 8/15 checks=8,3,156259,156005,,156005,,I (42514) nutroot: threshold 8/15 checks=8  x3  mean   156259 med   156005 min   156005 us
28-blst-Os,bench mpi 6735,True,mpi unchained x1000,3,6751,,,,,I (16722) bls_test: mpi unchained x1000      x3       6751 us/op
28-blst-Os,bench mpi 6735,True,mpi chained x1000,3,6755,,,,,I (16747) bls_test: mpi chained x1000        x3       6755 us/op
28-blst-Os,bench mpi 6735,True,suite_verify n=10 dk,2,1750296,,,,,I (21232) bls_test: suite_verify n=10 dk     x2    1750296 us/op
28-blst-Os,bench mpi 6735,True,swap crypto n=10 dk,2,4268239,,,,,I (29773) bls_test: swap crypto n=10 dk      x2    4268239 us/op
28-blst-Os,bench verify 879 11,True,suite_verify cold n=10,1,1524616,,,,,"I (32369) bls_test: suite_verify cold n=10: 1524616 us, valid=1"
28-blst-Os,bench verify 879 11,True,suite_verify n=10 dk,2,1339552,,,,,I (35063) bls_test: suite_verify n=10 dk     x2    1339552 us/op
28-blst-Os,bench verify 879 11,True,swap crypto n=10 dk,2,3447338,,,,,I (41961) bls_test: swap crypto n=10 dk      x2    3447338 us/op
28-blst-Os,bench nutroot quick opt=15,True,keypair full scalar,8,8073,8042,,8042,,I (42153) nutroot: keypair full scalar      x8  mean     8073 med     8042 min     8042 us
28-blst-Os,bench nutroot quick opt=15,True,sign incl keypair,8,17949,17872,,17961,,I (42307) nutroot: sign incl keypair        x8  mean    17949 med    17961 min    17872 us
28-blst-Os,bench nutroot quick opt=15,True,sign retained keypair,8,9622,9599,,9599,,I (42396) nutroot: sign retained keypair    x8  mean     9622 med     9599 min     9599 us
28-blst-Os,bench nutroot quick opt=15,True,schnorr verify,8,15776,15773,,15776,,I (42533) nutroot: schnorr verify           x8  mean    15776 med    15776 min    15773 us
28-blst-Os,bench nutroot quick opt=15,True,ECDH full scalar,8,16705,16669,,16711,,I (42678) nutroot: ECDH full scalar         x8  mean    16705 med    16711 min    16669 us
28-blst-Os,bench nutroot quick opt=15,True,parse compressed key,8,628,617,,617,,I (42695) nutroot: parse compressed key     x8  mean      628 med      617 min      617 us
28-blst-Os,bench nutroot quick opt=15,True,threshold 2/3 checks=2,3,49909,49717,,50006,,I (42981) nutroot: threshold 2/3 checks=2   x3  mean    49909 med    50006 min    49717 us
28-blst-Os,bench nutroot quick opt=15,True,threshold 3/5 checks=3,3,67764,67282,,68006,,I (43373) nutroot: threshold 3/5 checks=3   x3  mean    67764 med    68006 min    67282 us
28-blst-Os,bench nutroot quick opt=15,True,threshold 8/15 checks=8,3,156272,156006,,156006,,I (44290) nutroot: threshold 8/15 checks=8  x3  mean   156272 med   156006 min   156006 us
29-crypto-lto,bench mpi 6735,True,mpi unchained x1000,3,6767,,,,,I (16647) bls_test: mpi unchained x1000      x3       6767 us/op
29-crypto-lto,bench mpi 6735,True,mpi chained x1000,3,6780,,,,,I (16672) bls_test: mpi chained x1000        x3       6780 us/op
29-crypto-lto,bench mpi 6735,True,suite_verify n=10 dk,2,2431846,,,,,I (22350) bls_test: suite_verify n=10 dk     x2    2431846 us/op
29-crypto-lto,bench mpi 6735,True,swap crypto n=10 dk,2,5505612,,,,,I (33365) bls_test: swap crypto n=10 dk      x2    5505612 us/op
29-crypto-lto,bench verify 879 11,True,suite_verify cold n=10,1,2182588,,,,,"I (36416) bls_test: suite_verify cold n=10: 2182588 us, valid=1"
29-crypto-lto,bench verify 879 11,True,suite_verify n=10 dk,2,2026363,,,,,I (40483) bls_test: suite_verify n=10 dk     x2    2026363 us/op
29-crypto-lto,bench verify 879 11,True,swap crypto n=10 dk,2,4689409,,,,,I (49865) bls_test: swap crypto n=10 dk      x2    4689409 us/op
29-crypto-lto,bench nutroot quick opt=15,True,keypair full scalar,8,8155,8103,,8119,,I (50060) nutroot: keypair full scalar      x8  mean     8155 med     8119 min     8103 us
29-crypto-lto,bench nutroot quick opt=15,True,sign incl keypair,8,18259,18225,,18263,,I (50221) nutroot: sign incl keypair        x8  mean    18259 med    18263 min    18225 us
29-crypto-lto,bench nutroot quick opt=15,True,sign retained keypair,8,9722,9709,,9711,,I (50310) nutroot: sign retained keypair    x8  mean     9722 med     9711 min     9709 us
29-crypto-lto,bench nutroot quick opt=15,True,schnorr verify,8,15958,15937,,15941,,I (50449) nutroot: schnorr verify           x8  mean    15958 med    15941 min    15937 us
29-crypto-lto,bench nutroot quick opt=15,True,ECDH full scalar,8,16847,16831,,16849,,I (50594) nutroot: ECDH full scalar         x8  mean    16847 med    16849 min    16831 us
29-crypto-lto,bench nutroot quick opt=15,True,parse compressed key,8,661,625,,625,,I (50612) nutroot: parse compressed key     x8  mean      661 med      625 min      625 us
29-crypto-lto,bench nutroot quick opt=15,True,threshold 2/3 checks=2,3,50934,50798,,51002,,I (50904) nutroot: threshold 2/3 checks=2   x3  mean    50934 med    51002 min    50798 us
29-crypto-lto,bench nutroot quick opt=15,True,threshold 3/5 checks=3,3,69001,69001,,69002,,I (51303) nutroot: threshold 3/5 checks=3   x3  mean    69001 med    69002 min    69001 us
29-crypto-lto,bench nutroot quick opt=15,True,threshold 8/15 checks=8,3,157255,157002,,157002,,I (52230) nutroot: threshold 8/15 checks=8  x3  mean   157255 med   157002 min   157002 us
30-qio-window8,bench mpi 6735,True,mpi unchained x1000,3,6753,,,,,I (16656) bls_test: mpi unchained x1000      x3       6753 us/op
30-qio-window8,bench mpi 6735,True,mpi chained x1000,3,6758,,,,,I (16681) bls_test: mpi chained x1000        x3       6758 us/op
30-qio-window8,bench mpi 6735,True,suite_verify n=10 dk,2,1388288,,,,,I (20282) bls_test: suite_verify n=10 dk     x2    1388288 us/op
30-qio-window8,bench mpi 6735,True,swap crypto n=10 dk,2,3416304,,,,,I (27119) bls_test: swap crypto n=10 dk      x2    3416304 us/op
30-qio-window8,bench verify 879 11,True,suite_verify cold n=10,1,1207720,,,,,"I (29176) bls_test: suite_verify cold n=10: 1207720 us, valid=1"
30-qio-window8,bench verify 879 11,True,suite_verify n=10 dk,2,1062702,,,,,I (31315) bls_test: suite_verify n=10 dk     x2    1062702 us/op
30-qio-window8,bench verify 879 11,True,swap crypto n=10 dk,2,2760635,,,,,I (36840) bls_test: swap crypto n=10 dk      x2    2760635 us/op
30-qio-window8,bench nutroot quick opt=15,True,keypair full scalar,8,8068,8034,,8035,,I (36990) nutroot: keypair full scalar      x8  mean     8068 med     8035 min     8034 us
30-qio-window8,bench nutroot quick opt=15,True,sign incl keypair,8,17943,17882,,17952,,I (37144) nutroot: sign incl keypair        x8  mean    17943 med    17952 min    17882 us
30-qio-window8,bench nutroot quick opt=15,True,sign retained keypair,8,9619,9610,,9610,,I (37233) nutroot: sign retained keypair    x8  mean     9619 med     9610 min     9610 us
30-qio-window8,bench nutroot quick opt=15,True,schnorr verify,8,16778,16759,,16765,,I (37378) nutroot: schnorr verify           x8  mean    16778 med    16765 min    16759 us
30-qio-window8,bench nutroot quick opt=15,True,ECDH full scalar,8,16711,16674,,16717,,I (37523) nutroot: ECDH full scalar         x8  mean    16711 med    16717 min    16674 us
30-qio-window8,bench nutroot quick opt=15,True,parse compressed key,8,629,618,,618,,I (37540) nutroot: parse compressed key     x8  mean      629 med      618 min      618 us
30-qio-window8,bench nutroot quick opt=15,True,threshold 2/3 checks=2,3,52858,52566,,53005,,I (37839) nutroot: threshold 2/3 checks=2   x3  mean    52858 med    53005 min    52566 us
30-qio-window8,bench nutroot quick opt=15,True,threshold 3/5 checks=3,3,71201,71005,,71005,,I (38246) nutroot: threshold 3/5 checks=3   x3  mean    71201 med    71005 min    71005 us
30-qio-window8,bench nutroot quick opt=15,True,threshold 8/15 checks=8,3,165004,165003,,165005,,I (39198) nutroot: threshold 8/15 checks=8  x3  mean   165004 med   165005 min   165003 us
31-qio-window10,bench mpi 6735,True,mpi unchained x1000,3,6754,,,,,I (16647) bls_test: mpi unchained x1000      x3       6754 us/op
31-qio-window10,bench mpi 6735,True,mpi chained x1000,3,6757,,,,,I (16672) bls_test: mpi chained x1000        x3       6757 us/op
31-qio-window10,bench mpi 6735,True,suite_verify n=10 dk,2,1388301,,,,,I (20273) bls_test: suite_verify n=10 dk     x2    1388301 us/op
31-qio-window10,bench mpi 6735,True,swap crypto n=10 dk,2,3416208,,,,,I (27110) bls_test: swap crypto n=10 dk      x2    3416208 us/op
31-qio-window10,bench verify 879 11,True,suite_verify cold n=10,1,1207720,,,,,"I (29152) bls_test: suite_verify cold n=10: 1207720 us, valid=1"
31-qio-window10,bench verify 879 11,True,suite_verify n=10 dk,2,1062223,,,,,I (31290) bls_test: suite_verify n=10 dk     x2    1062223 us/op
31-qio-window10,bench verify 879 11,True,swap crypto n=10 dk,2,2761710,,,,,I (36818) bls_test: swap crypto n=10 dk      x2    2761710 us/op
31-qio-window10,bench nutroot quick opt=15,True,keypair full scalar,8,8068,8034,,8035,,I (36939) nutroot: keypair full scalar      x8  mean     8068 med     8035 min     8034 us
31-qio-window10,bench nutroot quick opt=15,True,sign incl keypair,8,17943,17882,,17952,,I (37093) nutroot: sign incl keypair        x8  mean    17943 med    17952 min    17882 us
31-qio-window10,bench nutroot quick opt=15,True,sign retained keypair,8,9617,9610,,9610,,I (37182) nutroot: sign retained keypair    x8  mean     9617 med     9610 min     9610 us
31-qio-window10,bench nutroot quick opt=15,True,schnorr verify,8,16335,16334,,16334,,I (37327) nutroot: schnorr verify           x8  mean    16335 med    16334 min    16334 us
31-qio-window10,bench nutroot quick opt=15,True,ECDH full scalar,8,16725,16715,,16717,,I (37473) nutroot: ECDH full scalar         x8  mean    16725 med    16717 min    16715 us
31-qio-window10,bench nutroot quick opt=15,True,parse compressed key,8,629,617,,617,,I (37491) nutroot: parse compressed key     x8  mean      629 med      617 min      617 us
31-qio-window10,bench nutroot quick opt=15,True,threshold 2/3 checks=2,3,51087,51006,,51006,,I (37782) nutroot: threshold 2/3 checks=2   x3  mean    51087 med    51006 min    51006 us
31-qio-window10,bench nutroot quick opt=15,True,threshold 3/5 checks=3,3,69043,69006,,69006,,I (38180) nutroot: threshold 3/5 checks=3   x3  mean    69043 med    69006 min    69006 us
31-qio-window10,bench nutroot quick opt=15,True,threshold 8/15 checks=8,3,160144,160006,,160006,,I (39112) nutroot: threshold 8/15 checks=8  x3  mean   160144 med   160006 min   160006 us
32-qio-comb11,bench mpi 6735,True,mpi unchained x1000,3,6753,,,,,I (16633) bls_test: mpi unchained x1000      x3       6753 us/op
32-qio-comb11,bench mpi 6735,True,mpi chained x1000,3,6757,,,,,I (16658) bls_test: mpi chained x1000        x3       6757 us/op
32-qio-comb11,bench mpi 6735,True,suite_verify n=10 dk,2,1388289,,,,,I (20259) bls_test: suite_verify n=10 dk     x2    1388289 us/op
32-qio-comb11,bench mpi 6735,True,swap crypto n=10 dk,2,3416116,,,,,I (27095) bls_test: swap crypto n=10 dk      x2    3416116 us/op
32-qio-comb11,bench verify 879 11,True,suite_verify cold n=10,1,1207745,,,,,"I (29135) bls_test: suite_verify cold n=10: 1207745 us, valid=1"
32-qio-comb11,bench verify 879 11,True,suite_verify n=10 dk,2,1061907,,,,,I (31273) bls_test: suite_verify n=10 dk     x2    1061907 us/op
32-qio-comb11,bench verify 879 11,True,swap crypto n=10 dk,2,2761764,,,,,I (36801) bls_test: swap crypto n=10 dk      x2    2761764 us/op
32-qio-comb11,bench nutroot quick opt=15,True,keypair full scalar,8,9487,9465,,9488,,I (36938) nutroot: keypair full scalar      x8  mean     9487 med     9488 min     9465 us
32-qio-comb11,bench nutroot quick opt=15,True,sign incl keypair,8,20383,20381,,20381,,I (37115) nutroot: sign incl keypair        x8  mean    20383 med    20381 min    20381 us
32-qio-comb11,bench nutroot quick opt=15,True,sign retained keypair,8,10819,10811,,10811,,I (37212) nutroot: sign retained keypair    x8  mean    10819 med    10811 min    10811 us
32-qio-comb11,bench nutroot quick opt=15,True,schnorr verify,8,15780,15775,,15782,,I (37349) nutroot: schnorr verify           x8  mean    15780 med    15782 min    15775 us
32-qio-comb11,bench nutroot quick opt=15,True,ECDH full scalar,8,16724,16716,,16716,,I (37494) nutroot: ECDH full scalar         x8  mean    16724 med    16716 min    16716 us
32-qio-comb11,bench nutroot quick opt=15,True,parse compressed key,8,628,617,,617,,I (37511) nutroot: parse compressed key     x8  mean      628 med      617 min      617 us
32-qio-comb11,bench nutroot quick opt=15,True,threshold 2/3 checks=2,3,49956,49858,,50006,,I (37808) nutroot: threshold 2/3 checks=2   x3  mean    49956 med    50006 min    49858 us
32-qio-comb11,bench nutroot quick opt=15,True,threshold 3/5 checks=3,3,68006,68006,,68006,,I (38217) nutroot: threshold 3/5 checks=3   x3  mean    68006 med    68006 min    68006 us
32-qio-comb11,bench nutroot quick opt=15,True,threshold 8/15 checks=8,3,156260,156006,,156006,,I (39177) nutroot: threshold 8/15 checks=8  x3  mean   156260 med   156006 min   156006 us
33-iram-off,bench mpi 6735,True,mpi unchained x1000,3,6787,,,,,I (16669) bls_test: mpi unchained x1000      x3       6787 us/op
33-iram-off,bench mpi 6735,True,mpi chained x1000,3,6788,,,,,I (16694) bls_test: mpi chained x1000        x3       6788 us/op
33-iram-off,bench mpi 6735,True,suite_verify n=10 dk,2,1524729,,,,,I (20577) bls_test: suite_verify n=10 dk     x2    1524729 us/op
33-iram-off,bench mpi 6735,True,swap crypto n=10 dk,2,3695406,,,,,I (27971) bls_test: swap crypto n=10 dk      x2    3695406 us/op
33-iram-off,bench verify 879 11,True,suite_verify cold n=10,1,1345989,,,,,"I (30269) bls_test: suite_verify cold n=10: 1345989 us, valid=1"
33-iram-off,bench verify 879 11,True,suite_verify n=10 dk,2,1198285,,,,,I (32679) bls_test: suite_verify n=10 dk     x2    1198285 us/op
33-iram-off,bench verify 879 11,True,swap crypto n=10 dk,2,3030526,,,,,I (38744) bls_test: swap crypto n=10 dk      x2    3030526 us/op
33-iram-off,bench nutroot quick opt=15,True,keypair full scalar,8,8221,8184,,8191,,I (38988) nutroot: keypair full scalar      x8  mean     8221 med     8191 min     8184 us
33-iram-off,bench nutroot quick opt=15,True,sign incl keypair,8,18273,18240,,18277,,I (39149) nutroot: sign incl keypair        x8  mean    18273 med    18277 min    18240 us
33-iram-off,bench nutroot quick opt=15,True,sign retained keypair,8,9795,9791,,9791,,I (39239) nutroot: sign retained keypair    x8  mean     9795 med     9791 min     9791 us
33-iram-off,bench nutroot quick opt=15,True,schnorr verify,8,15964,15942,,15946,,I (39378) nutroot: schnorr verify           x8  mean    15964 med    15946 min    15942 us
33-iram-off,bench nutroot quick opt=15,True,ECDH full scalar,8,16851,16849,,16850,,I (39523) nutroot: ECDH full scalar         x8  mean    16851 med    16850 min    16849 us
33-iram-off,bench nutroot quick opt=15,True,parse compressed key,8,668,632,,632,,I (39541) nutroot: parse compressed key     x8  mean      668 med      632 min      632 us
33-iram-off,bench nutroot quick opt=15,True,threshold 2/3 checks=2,3,50894,50676,,51003,,I (39833) nutroot: threshold 2/3 checks=2   x3  mean    50894 med    51003 min    50676 us
33-iram-off,bench nutroot quick opt=15,True,threshold 3/5 checks=3,3,68868,68600,,69003,,I (40232) nutroot: threshold 3/5 checks=3   x3  mean    68868 med    69003 min    68600 us
33-iram-off,bench nutroot quick opt=15,True,threshold 8/15 checks=8,3,157896,157683,,158003,,I (41162) nutroot: threshold 8/15 checks=8  x3  mean   157896 med   158003 min   157683 us
34-mpi-only-iram,bench mpi 6735,True,mpi unchained x1000,3,6753,,,,,I (16619) bls_test: mpi unchained x1000      x3       6753 us/op
34-mpi-only-iram,bench mpi 6735,True,mpi chained x1000,3,6755,,,,,I (16644) bls_test: mpi chained x1000        x3       6755 us/op
34-mpi-only-iram,bench mpi 6735,True,suite_verify n=10 dk,2,1388290,,,,,I (20245) bls_test: suite_verify n=10 dk     x2    1388290 us/op
34-mpi-only-iram,bench mpi 6735,True,swap crypto n=10 dk,2,3416298,,,,,I (27082) bls_test: swap crypto n=10 dk      x2    3416298 us/op
34-mpi-only-iram,bench verify 879 11,True,suite_verify cold n=10,1,1207956,,,,,"I (29113) bls_test: suite_verify cold n=10: 1207956 us, valid=1"
34-mpi-only-iram,bench verify 879 11,True,suite_verify n=10 dk,2,1061842,,,,,I (31250) bls_test: suite_verify n=10 dk     x2    1061842 us/op
34-mpi-only-iram,bench verify 879 11,True,swap crypto n=10 dk,2,2761794,,,,,I (36778) bls_test: swap crypto n=10 dk      x2    2761794 us/op
34-mpi-only-iram,bench nutroot quick opt=15,True,keypair full scalar,8,8209,8171,,8176,,I (36900) nutroot: keypair full scalar      x8  mean     8209 med     8176 min     8171 us
34-mpi-only-iram,bench nutroot quick opt=15,True,sign incl keypair,8,18280,18261,,18283,,I (37061) nutroot: sign incl keypair        x8  mean    18280 med    18283 min    18261 us
34-mpi-only-iram,bench nutroot quick opt=15,True,sign retained keypair,8,9787,9782,,9782,,I (37150) nutroot: sign retained keypair    x8  mean     9787 med     9782 min     9782 us
34-mpi-only-iram,bench nutroot quick opt=15,True,schnorr verify,8,15944,15941,,15945,,I (37288) nutroot: schnorr verify           x8  mean    15944 med    15945 min    15941 us
34-mpi-only-iram,bench nutroot quick opt=15,True,ECDH full scalar,8,16866,16851,,16853,,I (37433) nutroot: ECDH full scalar         x8  mean    16866 med    16853 min    16851 us
34-mpi-only-iram,bench nutroot quick opt=15,True,parse compressed key,8,650,617,,617,,I (37451) nutroot: parse compressed key     x8  mean      650 med      617 min      617 us
34-mpi-only-iram,bench nutroot quick opt=15,True,threshold 2/3 checks=2,3,50292,50006,,50006,,I (37741) nutroot: threshold 2/3 checks=2   x3  mean    50292 med    50006 min    50006 us
34-mpi-only-iram,bench nutroot quick opt=15,True,threshold 3/5 checks=3,3,68942,68814,,69006,,I (38140) nutroot: threshold 3/5 checks=3   x3  mean    68942 med    69006 min    68814 us
34-mpi-only-iram,bench nutroot quick opt=15,True,threshold 8/15 checks=8,3,157288,157006,,157006,,I (39068) nutroot: threshold 8/15 checks=8  x3  mean   157288 med   157006 min   157006 us
35-mpi-O2,bench mpi 6735,True,mpi unchained x1000,3,8064,,,,,I (16654) bls_test: mpi unchained x1000      x3       8064 us/op
35-mpi-O2,bench mpi 6735,True,mpi chained x1000,3,8067,,,,,I (16684) bls_test: mpi chained x1000        x3       8067 us/op
35-mpi-O2,bench mpi 6735,True,suite_verify n=10 dk,2,1732717,,,,,I (21073) bls_test: suite_verify n=10 dk     x2    1732717 us/op
35-mpi-O2,bench mpi 6735,True,swap crypto n=10 dk,2,4181546,,,,,I (29440) bls_test: swap crypto n=10 dk      x2    4181546 us/op
35-mpi-O2,bench verify 879 11,True,suite_verify cold n=10,1,1533313,,,,,"I (31897) bls_test: suite_verify cold n=10: 1533313 us, valid=1"
35-mpi-O2,bench verify 879 11,True,suite_verify n=10 dk,2,1328323,,,,,I (34568) bls_test: suite_verify n=10 dk     x2    1328323 us/op
35-mpi-O2,bench verify 879 11,True,swap crypto n=10 dk,2,3371462,,,,,I (41314) bls_test: swap crypto n=10 dk      x2    3371462 us/op
35-mpi-O2,bench nutroot quick opt=15,True,keypair full scalar,8,8066,8034,,8034,,I (41574) nutroot: keypair full scalar      x8  mean     8066 med     8034 min     8034 us
35-mpi-O2,bench nutroot quick opt=15,True,sign incl keypair,8,17943,17882,,17952,,I (41728) nutroot: sign incl keypair        x8  mean    17943 med    17952 min    17882 us
35-mpi-O2,bench nutroot quick opt=15,True,sign retained keypair,8,9617,9609,,9609,,I (41817) nutroot: sign retained keypair    x8  mean     9617 med     9609 min     9609 us
35-mpi-O2,bench nutroot quick opt=15,True,schnorr verify,8,15781,15775,,15782,,I (41954) nutroot: schnorr verify           x8  mean    15781 med    15782 min    15775 us
35-mpi-O2,bench nutroot quick opt=15,True,ECDH full scalar,8,16711,16682,,16716,,I (42099) nutroot: ECDH full scalar         x8  mean    16711 med    16716 min    16682 us
35-mpi-O2,bench nutroot quick opt=15,True,parse compressed key,8,629,618,,618,,I (42116) nutroot: parse compressed key     x8  mean      629 med      618 min      618 us
35-mpi-O2,bench nutroot quick opt=15,True,threshold 2/3 checks=2,3,49878,49732,,49897,,I (42402) nutroot: threshold 2/3 checks=2   x3  mean    49878 med    49897 min    49732 us
35-mpi-O2,bench nutroot quick opt=15,True,threshold 3/5 checks=3,3,67756,67260,,68005,,I (42794) nutroot: threshold 3/5 checks=3   x3  mean    67756 med    68005 min    67260 us
35-mpi-O2,bench nutroot quick opt=15,True,threshold 8/15 checks=8,3,156264,156005,,156005,,I (43710) nutroot: threshold 8/15 checks=8  x3  mean   156264 med   156005 min   156005 us
36-mpi-Os,bench mpi 6735,True,mpi unchained x1000,3,8549,,,,,I (16696) bls_test: mpi unchained x1000      x3       8549 us/op
36-mpi-Os,bench mpi 6735,True,mpi chained x1000,3,8573,,,,,I (16727) bls_test: mpi chained x1000        x3       8573 us/op
36-mpi-Os,bench mpi 6735,True,suite_verify n=10 dk,2,1826241,,,,,I (21334) bls_test: suite_verify n=10 dk     x2    1826241 us/op
36-mpi-Os,bench mpi 6735,True,swap crypto n=10 dk,2,4394322,,,,,I (30127) bls_test: swap crypto n=10 dk      x2    4394322 us/op
36-mpi-Os,bench verify 879 11,True,suite_verify cold n=10,1,1611796,,,,,"I (32806) bls_test: suite_verify cold n=10: 1611796 us, valid=1"
36-mpi-Os,bench verify 879 11,True,suite_verify n=10 dk,2,1399735,,,,,I (35619) bls_test: suite_verify n=10 dk     x2    1399735 us/op
36-mpi-Os,bench verify 879 11,True,swap crypto n=10 dk,2,3541645,,,,,I (42706) bls_test: swap crypto n=10 dk      x2    3541645 us/op
36-mpi-Os,bench nutroot quick opt=15,True,keypair full scalar,8,8068,8034,,8035,,I (42962) nutroot: keypair full scalar      x8  mean     8068 med     8035 min     8034 us
36-mpi-Os,bench nutroot quick opt=15,True,sign incl keypair,8,17943,17882,,17952,,I (43116) nutroot: sign incl keypair        x8  mean    17943 med    17952 min    17882 us
36-mpi-Os,bench nutroot quick opt=15,True,sign retained keypair,8,9618,9610,,9610,,I (43205) nutroot: sign retained keypair    x8  mean     9618 med     9610 min     9610 us
36-mpi-Os,bench nutroot quick opt=15,True,schnorr verify,8,15781,15775,,15781,,I (43342) nutroot: schnorr verify           x8  mean    15781 med    15781 min    15775 us
36-mpi-Os,bench nutroot quick opt=15,True,ECDH full scalar,8,16724,16716,,16716,,I (43487) nutroot: ECDH full scalar         x8  mean    16724 med    16716 min    16716 us
36-mpi-Os,bench nutroot quick opt=15,True,parse compressed key,8,630,619,,619,,I (43504) nutroot: parse compressed key     x8  mean      630 med      619 min      619 us
36-mpi-Os,bench nutroot quick opt=15,True,threshold 2/3 checks=2,3,49915,49736,,50005,,I (43790) nutroot: threshold 2/3 checks=2   x3  mean    49915 med    50005 min    49736 us
36-mpi-Os,bench nutroot quick opt=15,True,threshold 3/5 checks=3,3,67783,67341,,68005,,I (44182) nutroot: threshold 3/5 checks=3   x3  mean    67783 med    68005 min    67341 us
36-mpi-Os,bench nutroot quick opt=15,True,threshold 8/15 checks=8,3,156256,156005,,156005,,I (45099) nutroot: threshold 8/15 checks=8  x3  mean   156256 med   156005 min   156005 us
38-hash-cache,bench mpi 6735,True,mpi unchained x1000,3,6759,,,,,I (16608) bls_test: mpi unchained x1000      x3       6759 us/op
38-hash-cache,bench mpi 6735,True,mpi chained x1000,3,6760,,,,,I (16633) bls_test: mpi chained x1000        x3       6760 us/op
38-hash-cache,bench mpi 6735,True,suite_verify n=10 dk,2,1391811,,,,,I (20240) bls_test: suite_verify n=10 dk     x2    1391811 us/op
38-hash-cache,bench mpi 6735,True,swap crypto n=10 dk,2,3423402,,,,,I (27090) bls_test: swap crypto n=10 dk      x2    3423402 us/op
38-hash-cache,bench verify 879 11,True,suite_verify cold n=10,1,1208732,,,,,"I (29271) bls_test: suite_verify cold n=10: 1208732 us, valid=1"
38-hash-cache,bench verify 879 11,True,suite_verify n=10 dk,2,1062623,,,,,I (31410) bls_test: suite_verify n=10 dk     x2    1062623 us/op
38-hash-cache,bench verify 879 11,True,swap crypto n=10 dk,2,2761135,,,,,I (36936) bls_test: swap crypto n=10 dk      x2    2761135 us/op
38-hash-cache,bench nutroot quick opt=15,True,keypair full scalar,8,8063,8030,,8030,,I (37184) nutroot: keypair full scalar      x8  mean     8063 med     8030 min     8030 us
38-hash-cache,bench nutroot quick opt=15,True,sign incl keypair,8,17944,17841,,17959,,I (37337) nutroot: sign incl keypair        x8  mean    17944 med    17959 min    17841 us
38-hash-cache,bench nutroot quick opt=15,True,sign retained keypair,8,9626,9604,,9604,,I (37426) nutroot: sign retained keypair    x8  mean     9626 med     9604 min     9604 us
38-hash-cache,bench nutroot quick opt=15,True,schnorr verify,8,15782,15779,,15782,,I (37563) nutroot: schnorr verify           x8  mean    15782 med    15782 min    15779 us
38-hash-cache,bench nutroot quick opt=15,True,ECDH full scalar,8,16722,16671,,16730,,I (37708) nutroot: ECDH full scalar         x8  mean    16722 med    16730 min    16671 us
38-hash-cache,bench nutroot quick opt=15,True,parse compressed key,8,628,617,,617,,I (37725) nutroot: parse compressed key     x8  mean      628 med      617 min      617 us
38-hash-cache,bench nutroot quick opt=15,True,threshold 2/3 c=2 b=0,3,49887,49659,,50002,,I (38011) nutroot: threshold 2/3 c=2 b=0    x3  mean    49887 med    50002 min    49659 us
38-hash-cache,bench nutroot quick opt=15,True,threshold 3/5 c=3 b=0,3,67780,67336,,68002,,I (38403) nutroot: threshold 3/5 c=3 b=0    x3  mean    67780 med    68002 min    67336 us
38-hash-cache,bench nutroot quick opt=15,True,threshold 8/15 c=8 b=0,3,156243,156002,,156002,,I (39320) nutroot: threshold 8/15 c=8 b=0   x3  mean   156243 med   156002 min   156002 us
38-hash-cache,bench mpi 14927,True,mpi unchained x1000,3,6758,,,,,I (39825) bls_test: mpi unchained x1000      x3       6758 us/op
38-hash-cache,bench mpi 14927,True,mpi chained x1000,3,6759,,,,,I (39850) bls_test: mpi chained x1000        x3       6759 us/op
38-hash-cache,bench mpi 14927,True,suite_verify cold n=10,1,1057855,,,,,"I (41728) bls_test: suite_verify cold n=10: 1057855 us, valid=1"
38-hash-cache,bench mpi 14927,True,suite_verify n=10 dk,2,1057812,,,,,I (43857) bls_test: suite_verify n=10 dk     x2    1057812 us/op
38-hash-cache,bench mpi 14927,True,swap crypto n=10 dk,2,2758250,,,,,I (49378) bls_test: swap crypto n=10 dk      x2    2758250 us/op
38-hash-cache,bench nutroot quick opt=15,True,keypair full scalar,8,8048,8030,,8030,,I (59322) nutroot: keypair full scalar      x8  mean     8048 med     8030 min     8030 us
38-hash-cache,bench nutroot quick opt=15,True,sign incl keypair,8,16564,16507,,16508,,I (59467) nutroot: sign incl keypair        x8  mean    16564 med    16508 min    16507 us
38-hash-cache,bench nutroot quick opt=15,True,sign retained keypair,8,8424,8397,,8398,,I (59548) nutroot: sign retained keypair    x8  mean     8424 med     8398 min     8397 us
38-hash-cache,bench nutroot quick opt=15,True,schnorr verify,8,15125,15097,,15120,,I (59685) nutroot: schnorr verify           x8  mean    15125 med    15120 min    15097 us
38-hash-cache,bench nutroot quick opt=15,True,ECDH full scalar,8,16010,15966,,15983,,I (59824) nutroot: ECDH full scalar         x8  mean    16010 med    15983 min    15966 us
38-hash-cache,bench nutroot quick opt=15,True,parse compressed key,8,625,617,,617,,I (59841) nutroot: parse compressed key     x8  mean      625 med      617 min      617 us
38-hash-cache,bench nutroot quick opt=15,True,threshold 2/3 c=2 b=0,3,48766,48294,,49002,,I (60120) nutroot: threshold 2/3 c=2 b=0    x3  mean    48766 med    49002 min    48294 us
38-hash-cache,bench nutroot quick opt=15,True,threshold 3/5 c=3 b=0,3,66043,66002,,66002,,I (60501) nutroot: threshold 3/5 c=3 b=0    x3  mean    66043 med    66002 min    66002 us
38-hash-cache,bench nutroot quick opt=15,True,threshold 8/15 c=8 b=0,3,153477,153002,,153428,,I (61396) nutroot: threshold 8/15 c=8 b=0   x3  mean   153477 med   153428 min   153002 us
38-hash-cache,bench nutroot quick opt=31,True,keypair full scalar,8,8186,8030,,8034,,I (61618) nutroot: keypair full scalar      x8  mean     8186 med     8034 min     8030 us
38-hash-cache,bench nutroot quick opt=31,True,sign incl keypair,8,16708,16498,,16538,,I (61764) nutroot: sign incl keypair        x8  mean    16708 med    16538 min    16498 us
38-hash-cache,bench nutroot quick opt=31,True,sign retained keypair,8,8585,8400,,8415,,I (61846) nutroot: sign retained keypair    x8  mean     8585 med     8415 min     8400 us
38-hash-cache,bench nutroot quick opt=31,True,schnorr verify,8,15294,15125,,15168,,I (61984) nutroot: schnorr verify           x8  mean    15294 med    15168 min    15125 us
38-hash-cache,bench nutroot quick opt=31,True,ECDH full scalar,8,16070,15999,,16017,,I (62129) nutroot: ECDH full scalar         x8  mean    16070 med    16017 min    15999 us
38-hash-cache,bench nutroot quick opt=31,True,parse compressed key,8,625,617,,617,,I (62146) nutroot: parse compressed key     x8  mean      625 med      617 min      617 us
38-hash-cache,bench nutroot quick opt=31,True,threshold 2/3 c=0 b=1,3,49269,48803,,49002,,I (62427) nutroot: threshold 2/3 c=0 b=1    x3  mean    49269 med    49002 min    48803 us
38-hash-cache,bench nutroot quick opt=31,True,threshold 3/5 c=0 b=1,3,63823,63466,,64002,,I (62799) nutroot: threshold 3/5 c=0 b=1    x3  mean    63823 med    64002 min    63466 us
38-hash-cache,bench nutroot quick opt=31,True,threshold 8/15 c=8 b=0,3,151928,151781,,152002,,I (63689) nutroot: threshold 8/15 c=8 b=0   x3  mean   151928 med   152002 min   151781 us
38-hash-cache,bench nutroot current opt=15,True,BLS verify cold n=10,1,1210364,1210364,1210364,,,I (66442) nutroot_current: BLS verify cold n=10          x1 mean 1210364 min 1210364 max 1210364 us
38-hash-cache,bench nutroot current opt=15,True,BLS verify warm n=10,4,1059799,1059600,1060351,,,I (70688) nutroot_current: BLS verify warm n=10          x4 mean 1059799 min 1059600 max 1060351 us
38-hash-cache,bench nutroot current opt=15,True,recover+sign separate n=10,3,629566,629511,629656,,,I (72582) nutroot_current: recover+sign separate n=10    x3 mean 629566 min 629511 max 629656 us
38-hash-cache,bench nutroot current opt=15,True,recover+sign retained n=10,3,428464,428329,428570,,,I (74037) nutroot_current: recover+sign retained n=10    x3 mean 428464 min 428329 max 428570 us
38-hash-cache,bench nutroot current opt=15,True,current witnesses n=10,3,164125,164083,164209,,,I (74536) nutroot_current: current witnesses n=10        x3 mean 164125 min 164083 max 164209 us
38-hash-cache,bench nutroot current opt=15,True,blind full factors n=10,3,307352,307290,307404,,,I (75464) nutroot_current: blind full factors n=10       x3 mean 307352 min 307290 max 307404 us
38-hash-cache,bench nutroot current opt=15,True,unblind+verify separate n=10,3,1390103,1390013,1390259,,,I (79641) nutroot_current: unblind+verify separate n=10  x3 mean 1390103 min 1390013 max 1390259 us
38-hash-cache,bench nutroot current opt=15,True,unblind+verify retained n=10,3,1283136,1282974,1283306,,,I (83497) nutroot_current: unblind+verify retained n=10  x3 mean 1283136 min 1282974 max 1283306 us
38-hash-cache,bench nutroot current opt=15,True,unblind+verify batch inverse,3,1277518,1277204,1278115,,,I (87336) nutroot_current: unblind+verify batch inverse  x3 mean 1277518 min 1277204 max 1278115 us
38-hash-cache,bench nutroot current opt=15,True,KDF cached prefix n=10,3,1098,1088,1118,,,I (87346) nutroot_current: KDF cached prefix n=10        x3 mean 1098 min 1088 max 1118 us
38-hash-cache,bench nutroot current opt=15,True,KDF new context n=10,3,1582,1576,1595,,,I (87356) nutroot_current: KDF new context n=10          x3 mean 1582 min 1576 max 1595 us
38-hash-cache,bench nutroot current opt=15,True,prepare current outputs n=10,3,393709,393663,393786,,,I (88542) nutroot_current: prepare current outputs n=10  x3 mean 393709 min 393663 max 393786 us
38-hash-cache,bench nutroot current opt=15,True,read prepared outputs n=10,3,14,12,20,,,I (88549) nutroot_current: read prepared outputs n=10    x3 mean 14 min 12 max 20 us
38-hash-cache,bench nutroot current opt=15,True,NUMS offset verify,5,9306,9233,9601,,,I (88605) nutroot_current: NUMS offset verify            x5 mean 9306 min 9233 max 9601 us
38-hash-cache,bench nutroot current opt=15,True,leaf slot match at 120,2,1004784,1004570,1004999,,,I (90645) nutroot_current: leaf slot match at 120        x2 mean 1004784 min 1004570 max 1004999 us
38-hash-cache,bench nutroot current opt=15,True,blst SHA256 33B x100,3,1524,1505,1561,,,I (90655) nutroot_current: blst SHA256 33B x100          x3 mean 1524 min 1505 max 1561 us
38-hash-cache,bench nutroot current opt=15,True,IDF SHA256 33B x100,3,1893,1879,1919,,,I (90665) nutroot_current: IDF SHA256 33B x100           x3 mean 1893 min 1879 max 1919 us
38-hash-cache,bench nutroot current opt=15,True,blst SHA256 1KiB x100,3,6853,6845,6871,,,I (90690) nutroot_current: blst SHA256 1KiB x100         x3 mean 6853 min 6845 max 6871 us
38-hash-cache,bench nutroot current opt=15,True,IDF SHA256 1KiB x100,3,4046,4019,4102,,,I (90709) nutroot_current: IDF SHA256 1KiB x100          x3 mean 4046 min 4019 max 4102 us
38-hash-cache,bench nutroot current opt=15,True,secp field mul x1000,3,9507,9423,9666,,,I (90803) nutroot_current: secp field mul x1000          x3 mean 9507 min 9423 max 9666 us
38-hash-cache,bench nutroot current opt=15,True,secp field square x1000,3,5853,5847,5867,,,I (90825) nutroot_current: secp field square x1000       x3 mean 5853 min 5847 max 5867 us
38-hash-cache,bench nutroot current opt=15,True,MPI secp field mul x1000,3,14066,14030,14100,,,I (90874) nutroot_current: MPI secp field mul x1000      x3 mean 14066 min 14030 max 14100 us
38-hash-cache,bench nutroot current opt=15,True,MPI secp field square x1000,3,14312,14034,14864,,,I (90932) nutroot_current: MPI secp field square x1000   x3 mean 14312 min 14034 max 14864 us
38-hash-cache,bench nutroot current opt=15,True,secp scalar mul x1000,3,11067,11019,11165,,,I (90978) nutroot_current: secp scalar mul x1000         x3 mean 11067 min 11019 max 11165 us
38-hash-cache,bench nutroot current opt=15,True,MPI raw 256-bit x1000,3,6092,6092,6094,,,I (91003) nutroot_current: MPI raw 256-bit x1000         x3 mean 6092 min 6092 max 6094 us
38-hash-cache,bench nutroot current opt=15,True,MPI raw 384-bit x1000,3,10065,9780,10637,,,I (91038) nutroot_current: MPI raw 384-bit x1000         x3 mean 10065 min 9780 max 10637 us
38-hash-cache,bench nutroot current opt=15,True,MPI raw 768-bit x1000,3,25650,25647,25656,,,I (91121) nutroot_current: MPI raw 768-bit x1000         x3 mean 25650 min 25647 max 25656 us
38-hash-cache,bench nutroot current opt=15,True,MPI raw 1152-bit x1000,3,49247,48787,49606,,,I (91274) nutroot_current: MPI raw 1152-bit x1000        x3 mean 49247 min 48787 max 49606 us
38-hash-cache,bench nutroot current opt=15,True,MPI raw 1536-bit x1000,3,79739,79305,79961,,,I (91519) nutroot_current: MPI raw 1536-bit x1000        x3 mean 79739 min 79305 max 79961 us
38-hash-cache,bench verify 4975 11,True,suite_verify cold n=10,1,1211830,,,,,"I (93673) bls_test: suite_verify cold n=10: 1211830 us, valid=1"
38-hash-cache,bench verify 4975 11,True,suite_verify n=10 dk,2,960868,,,,,I (95609) bls_test: suite_verify n=10 dk     x2     960868 us/op
38-hash-cache,bench verify 4975 11,True,swap crypto n=10 dk,2,2612209,,,,,I (100837) bls_test: swap crypto n=10 dk      x2    2612209 us/op
38-hash-cache,bench verify 8047 11,True,suite_verify cold n=10,1,1209019,,,,,"I (102929) bls_test: suite_verify cold n=10: 1209019 us, valid=1"
38-hash-cache,bench verify 8047 11,True,suite_verify n=10 dk,2,961391,,,,,I (104865) bls_test: suite_verify n=10 dk     x2     961391 us/op
38-hash-cache,bench verify 8047 11,True,swap crypto n=10 dk,2,2613674,,,,,I (110096) bls_test: swap crypto n=10 dk      x2    2613674 us/op
38-hash-cache,bench nutroot current opt=15,True,BLS verify cold n=10,1,1210433,1210433,1210433,,,I (112775) nutroot_current: BLS verify cold n=10          x1 mean 1210433 min 1210433 max 1210433 us
38-hash-cache,bench nutroot current opt=15,True,BLS verify warm n=10,4,963076,962927,963145,,,I (116636) nutroot_current: BLS verify warm n=10          x4 mean 963076 min 962927 max 963145 us
38-hash-cache,bench nutroot current opt=15,True,recover+sign separate n=10,3,629662,629572,629735,,,I (118530) nutroot_current: recover+sign separate n=10    x3 mean 629662 min 629572 max 629735 us
38-hash-cache,bench nutroot current opt=15,True,recover+sign retained n=10,3,428497,428406,428602,,,I (119985) nutroot_current: recover+sign retained n=10    x3 mean 428497 min 428406 max 428602 us
38-hash-cache,bench nutroot current opt=15,True,current witnesses n=10,3,164127,164085,164203,,,I (120484) nutroot_current: current witnesses n=10        x3 mean 164127 min 164085 max 164203 us
38-hash-cache,bench nutroot current opt=15,True,blind full factors n=10,3,244554,212618,307965,,,I (121224) nutroot_current: blind full factors n=10       x3 mean 244554 min 212618 max 307965 us
38-hash-cache,bench nutroot current opt=15,True,unblind+verify separate n=10,3,1297291,1292636,1303493,,,I (125121) nutroot_current: unblind+verify separate n=10  x3 mean 1297291 min 1292636 max 1303493 us
38-hash-cache,bench nutroot current opt=15,True,unblind+verify retained n=10,3,1179560,1179371,1179656,,,I (128665) nutroot_current: unblind+verify retained n=10  x3 mean 1179560 min 1179371 max 1179656 us
38-hash-cache,bench nutroot current opt=15,True,unblind+verify batch inverse,3,1179550,1179479,1179654,,,I (132209) nutroot_current: unblind+verify batch inverse  x3 mean 1179550 min 1179479 max 1179654 us
38-hash-cache,bench nutroot current opt=15,True,KDF cached prefix n=10,3,1097,1088,1117,,,I (132219) nutroot_current: KDF cached prefix n=10        x3 mean 1097 min 1088 max 1117 us
38-hash-cache,bench nutroot current opt=15,True,KDF new context n=10,3,1584,1576,1600,,,I (132229) nutroot_current: KDF new context n=10          x3 mean 1584 min 1576 max 1600 us
38-hash-cache,bench nutroot current opt=15,True,prepare current outputs n=10,3,329832,297618,394261,,,I (133224) nutroot_current: prepare current outputs n=10  x3 mean 329832 min 297618 max 394261 us
38-hash-cache,bench nutroot current opt=15,True,read prepared outputs n=10,3,12,12,14,,,I (133231) nutroot_current: read prepared outputs n=10    x3 mean 12 min 12 max 14 us
38-hash-cache,bench nutroot current opt=15,True,NUMS offset verify,5,9306,9233,9601,,,I (133287) nutroot_current: NUMS offset verify            x5 mean 9306 min 9233 max 9601 us
38-hash-cache,bench nutroot current opt=15,True,leaf slot match at 120,2,1004862,1004726,1004999,,,I (135327) nutroot_current: leaf slot match at 120        x2 mean 1004862 min 1004726 max 1004999 us
38-hash-cache,bench nutroot current opt=15,True,blst SHA256 33B x100,3,1525,1505,1566,,,I (135337) nutroot_current: blst SHA256 33B x100          x3 mean 1525 min 1505 max 1566 us
38-hash-cache,bench nutroot current opt=15,True,IDF SHA256 33B x100,3,1891,1879,1914,,,I (135347) nutroot_current: IDF SHA256 33B x100           x3 mean 1891 min 1879 max 1914 us
38-hash-cache,bench nutroot current opt=15,True,blst SHA256 1KiB x100,3,6883,6845,6959,,,I (135372) nutroot_current: blst SHA256 1KiB x100         x3 mean 6883 min 6845 max 6959 us
38-hash-cache,bench nutroot current opt=15,True,IDF SHA256 1KiB x100,3,4045,4019,4097,,,I (135391) nutroot_current: IDF SHA256 1KiB x100          x3 mean 4045 min 4019 max 4097 us
38-hash-cache,bench nutroot current opt=15,True,secp field mul x1000,3,9425,9421,9433,,,I (135484) nutroot_current: secp field mul x1000          x3 mean 9425 min 9421 max 9433 us
38-hash-cache,bench nutroot current opt=15,True,secp field square x1000,3,5847,5847,5849,,,I (135506) nutroot_current: secp field square x1000       x3 mean 5847 min 5847 max 5849 us
38-hash-cache,bench nutroot current opt=15,True,MPI secp field mul x1000,3,14035,14030,14046,,,I (135554) nutroot_current: MPI secp field mul x1000      x3 mean 14035 min 14030 max 14046 us
38-hash-cache,bench nutroot current opt=15,True,MPI secp field square x1000,3,14031,14030,14033,,,I (135612) nutroot_current: MPI secp field square x1000   x3 mean 14031 min 14030 max 14033 us
38-hash-cache,bench nutroot current opt=15,True,secp scalar mul x1000,3,11069,11019,11169,,,I (135658) nutroot_current: secp scalar mul x1000         x3 mean 11069 min 11019 max 11169 us
38-hash-cache,bench nutroot current opt=15,True,MPI raw 256-bit x1000,3,6093,6092,6096,,,I (135683) nutroot_current: MPI raw 256-bit x1000         x3 mean 6093 min 6092 max 6096 us
38-hash-cache,bench nutroot current opt=15,True,MPI raw 384-bit x1000,3,9779,9778,9780,,,I (135717) nutroot_current: MPI raw 384-bit x1000         x3 mean 9779 min 9778 max 9780 us
38-hash-cache,bench nutroot current opt=15,True,MPI raw 768-bit x1000,3,25649,25647,25655,,,I (135799) nutroot_current: MPI raw 768-bit x1000         x3 mean 25649 min 25647 max 25655 us
38-hash-cache,bench nutroot current opt=15,True,MPI raw 1152-bit x1000,3,48786,48785,48787,,,I (135951) nutroot_current: MPI raw 1152-bit x1000        x3 mean 48786 min 48785 max 48787 us
38-hash-cache,bench nutroot current opt=15,True,MPI raw 1536-bit x1000,3,79209,79206,79216,,,I (136195) nutroot_current: MPI raw 1536-bit x1000        x3 mean 79209 min 79206 max 79216 us
38-hash-cache,bench contend 1903,True,scale cold,1,2231975,,,,0,I (139608) bls_test: scale cold sample=0 time=2231975 us valid=1
38-hash-cache,bench contend 1903,True,scale warm,1,2080061,,,,1,I (141691) bls_test: scale warm sample=1 time=2080061 us valid=1
38-hash-cache,bench contend 1903,True,scale warm,1,2080031,,,,2,I (143774) bls_test: scale warm sample=2 time=2080031 us valid=1
38-hash-cache,bench contend 3951,True,scale cold,1,2231775,,,,0,I (149149) bls_test: scale cold sample=0 time=2231775 us valid=1
38-hash-cache,bench contend 3951,True,scale warm,1,2081868,,,,1,I (151233) bls_test: scale warm sample=1 time=2081868 us valid=1
38-hash-cache,bench contend 3951,True,scale warm,1,2096582,,,,2,I (153332) bls_test: scale warm sample=2 time=2096582 us valid=1
38-hash-cache,bench contend 8047,True,scale cold,1,2233993,,,,0,I (158695) bls_test: scale cold sample=0 time=2233993 us valid=1
38-hash-cache,bench contend 8047,True,scale warm,1,2084078,,,,1,I (160781) bls_test: scale warm sample=1 time=2084078 us valid=1
38-hash-cache,bench contend 8047,True,scale warm,1,2084039,,,,2,I (162867) bls_test: scale warm sample=2 time=2084039 us valid=1
39-window-a4,bench mpi 14927,True,mpi unchained x1000,3,6756,,,,,I (16654) bls_test: mpi unchained x1000      x3       6756 us/op
39-window-a4,bench mpi 14927,True,mpi chained x1000,3,6760,,,,,I (16679) bls_test: mpi chained x1000        x3       6760 us/op
39-window-a4,bench mpi 14927,True,suite_verify n=10 dk,2,1391826,,,,,I (20286) bls_test: suite_verify n=10 dk     x2    1391826 us/op
39-window-a4,bench mpi 14927,True,swap crypto n=10 dk,2,3422896,,,,,I (27135) bls_test: swap crypto n=10 dk      x2    3422896 us/op
39-window-a4,bench verify 8047 11,True,suite_verify cold n=10,1,1208896,,,,,"I (29316) bls_test: suite_verify cold n=10: 1208896 us, valid=1"
39-window-a4,bench verify 8047 11,True,suite_verify n=10 dk,2,966253,,,,,I (31263) bls_test: suite_verify n=10 dk     x2     966253 us/op
39-window-a4,bench verify 8047 11,True,swap crypto n=10 dk,2,2617769,,,,,I (36502) bls_test: swap crypto n=10 dk      x2    2617769 us/op
39-window-a4,bench nutroot quick opt=15,True,keypair full scalar,8,8049,8030,,8030,,I (36632) nutroot: keypair full scalar      x8  mean     8049 med     8030 min     8030 us
39-window-a4,bench nutroot quick opt=15,True,sign incl keypair,8,16533,16507,,16507,,I (36777) nutroot: sign incl keypair        x8  mean    16533 med    16507 min    16507 us
39-window-a4,bench nutroot quick opt=15,True,sign retained keypair,8,8430,8403,,8403,,I (36858) nutroot: sign retained keypair    x8  mean     8430 med     8403 min     8403 us
39-window-a4,bench nutroot quick opt=15,True,schnorr verify,8,15211,15181,,15209,,I (36995) nutroot: schnorr verify           x8  mean    15211 med    15209 min    15181 us
39-window-a4,bench nutroot quick opt=15,True,ECDH full scalar,8,16015,15974,,15987,,I (37136) nutroot: ECDH full scalar         x8  mean    16015 med    15987 min    15974 us
39-window-a4,bench nutroot quick opt=15,True,parse compressed key,8,625,617,,617,,I (37153) nutroot: parse compressed key     x8  mean      625 med      617 min      617 us
39-window-a4,bench nutroot quick opt=15,True,threshold 2/3 c=2 b=0,3,48079,48002,,48002,,I (37429) nutroot: threshold 2/3 c=2 b=0    x3  mean    48079 med    48002 min    48002 us
39-window-a4,bench nutroot quick opt=15,True,threshold 3/5 c=3 b=0,3,65860,65578,,66002,,I (37809) nutroot: threshold 3/5 c=3 b=0    x3  mean    65860 med    66002 min    65578 us
39-window-a4,bench nutroot quick opt=15,True,threshold 8/15 c=8 b=0,3,152727,152002,,153002,,I (38699) nutroot: threshold 8/15 c=8 b=0   x3  mean   152727 med   153002 min   152002 us
39-window-a4,bench nutroot quick opt=31,True,keypair full scalar,8,8048,8030,,8030,,I (38944) nutroot: keypair full scalar      x8  mean     8048 med     8030 min     8030 us
39-window-a4,bench nutroot quick opt=31,True,sign incl keypair,8,16532,16507,,16507,,I (39089) nutroot: sign incl keypair        x8  mean    16532 med    16507 min    16507 us
39-window-a4,bench nutroot quick opt=31,True,sign retained keypair,8,8421,8390,,8397,,I (39170) nutroot: sign retained keypair    x8  mean     8421 med     8397 min     8390 us
39-window-a4,bench nutroot quick opt=31,True,schnorr verify,8,15210,15184,,15204,,I (39307) nutroot: schnorr verify           x8  mean    15210 med    15204 min    15184 us
39-window-a4,bench nutroot quick opt=31,True,ECDH full scalar,8,16051,15996,,16015,,I (39452) nutroot: ECDH full scalar         x8  mean    16051 med    16015 min    15996 us
39-window-a4,bench nutroot quick opt=31,True,parse compressed key,8,625,617,,617,,I (39469) nutroot: parse compressed key     x8  mean      625 med      617 min      617 us
39-window-a4,bench nutroot quick opt=31,True,threshold 2/3 c=0 b=1,3,49178,49002,,49002,,I (39749) nutroot: threshold 2/3 c=0 b=1    x3  mean    49178 med    49002 min    49002 us
39-window-a4,bench nutroot quick opt=31,True,threshold 3/5 c=0 b=1,3,63988,63962,,64002,,I (40121) nutroot: threshold 3/5 c=0 b=1    x3  mean    63988 med    64002 min    63962 us
39-window-a4,bench nutroot quick opt=31,True,threshold 8/15 c=0 b=1,3,134947,134837,,135002,,I (40944) nutroot: threshold 8/15 c=0 b=1   x3  mean   134947 med   135002 min   134837 us
39-window-a4,bench nutroot quick opt=63,True,keypair full scalar,8,8048,8030,,8030,,I (41095) nutroot: keypair full scalar      x8  mean     8048 med     8030 min     8030 us
39-window-a4,bench nutroot quick opt=63,True,sign incl keypair,8,16531,16506,,16507,,I (41240) nutroot: sign incl keypair        x8  mean    16531 med    16507 min    16506 us
39-window-a4,bench nutroot quick opt=63,True,sign retained keypair,8,8430,8403,,8403,,I (41321) nutroot: sign retained keypair    x8  mean     8430 med     8403 min     8403 us
39-window-a4,bench nutroot quick opt=63,True,schnorr verify,8,15233,15185,,15212,,I (41458) nutroot: schnorr verify           x8  mean    15233 med    15212 min    15185 us
39-window-a4,bench nutroot quick opt=63,True,ECDH full scalar,8,16015,15973,,15987,,I (41598) nutroot: ECDH full scalar         x8  mean    16015 med    15987 min    15973 us
39-window-a4,bench nutroot quick opt=63,True,parse compressed key,8,625,617,,617,,I (41615) nutroot: parse compressed key     x8  mean      625 med      617 min      617 us
39-window-a4,bench nutroot quick opt=63,True,threshold 2/3 c=0 b=1,3,82169,82002,,82002,,I (42027) nutroot: threshold 2/3 c=0 b=1    x3  mean    82169 med    82002 min    82002 us
39-window-a4,bench nutroot quick opt=63,True,threshold 3/5 c=0 b=1,3,106916,106849,,106897,,I (42571) nutroot: threshold 3/5 c=0 b=1    x3  mean   106916 med   106897 min   106849 us
39-window-a4,bench nutroot quick opt=63,True,threshold 8/15 c=0 b=1,3,185257,185002,,185002,,I (43595) nutroot: threshold 8/15 c=0 b=1   x3  mean   185257 med   185002 min   185002 us
39-window-a4,bench nutroot current opt=31,True,BLS verify cold n=10,1,1211264,1211264,1211264,,,I (46233) nutroot_current: BLS verify cold n=10          x1 mean 1211264 min 1211264 max 1211264 us
39-window-a4,bench nutroot current opt=31,True,BLS verify warm n=10,4,962941,962789,963030,,,I (50091) nutroot_current: BLS verify warm n=10          x4 mean 962941 min 962789 max 963030 us
39-window-a4,bench nutroot current opt=31,True,recover+sign separate n=10,3,623560,623405,623724,,,I (51967) nutroot_current: recover+sign separate n=10    x3 mean 623560 min 623405 max 623724 us
39-window-a4,bench nutroot current opt=31,True,recover+sign retained n=10,3,428556,428310,428723,,,I (53397) nutroot_current: recover+sign retained n=10    x3 mean 428556 min 428310 max 428723 us
39-window-a4,bench nutroot current opt=31,True,current witnesses n=10,3,138489,138481,138505,,,I (53818) nutroot_current: current witnesses n=10        x3 mean 138489 min 138481 max 138505 us
39-window-a4,bench nutroot current opt=31,True,blind full factors n=10,3,243247,210826,307967,,,I (54553) nutroot_current: blind full factors n=10       x3 mean 243247 min 210826 max 307967 us
39-window-a4,bench nutroot current opt=31,True,unblind+verify separate n=10,3,1292668,1292630,1292705,,,I (58436) nutroot_current: unblind+verify separate n=10  x3 mean 1292668 min 1292630 max 1292705 us
39-window-a4,bench nutroot current opt=31,True,unblind+verify retained n=10,3,1183820,1179393,1192260,,,I (61993) nutroot_current: unblind+verify retained n=10  x3 mean 1183820 min 1179393 max 1192260 us
39-window-a4,bench nutroot current opt=31,True,unblind+verify batch inverse,3,1181379,1179650,1182881,,,I (65543) nutroot_current: unblind+verify batch inverse  x3 mean 1181379 min 1179650 max 1182881 us
39-window-a4,bench nutroot current opt=31,True,KDF cached prefix n=10,3,1097,1088,1117,,,I (65553) nutroot_current: KDF cached prefix n=10        x3 mean 1097 min 1088 max 1117 us
39-window-a4,bench nutroot current opt=31,True,KDF new context n=10,3,1580,1576,1589,,,I (65563) nutroot_current: KDF new context n=10          x3 mean 1580 min 1576 max 1589 us
39-window-a4,bench nutroot current opt=31,True,prepare current outputs n=10,3,329840,297619,394153,,,I (66558) nutroot_current: prepare current outputs n=10  x3 mean 329840 min 297619 max 394153 us
39-window-a4,bench nutroot current opt=31,True,read prepared outputs n=10,3,12,12,14,,,I (66565) nutroot_current: read prepared outputs n=10    x3 mean 12 min 12 max 14 us
39-window-a4,bench nutroot current opt=31,True,NUMS offset verify,5,9305,9233,9594,,,I (66621) nutroot_current: NUMS offset verify            x5 mean 9305 min 9233 max 9594 us
39-window-a4,bench nutroot current opt=31,True,leaf slot match at 120,2,1004801,1004604,1004999,,,I (68661) nutroot_current: leaf slot match at 120        x2 mean 1004801 min 1004604 max 1004999 us
39-window-a4,bench nutroot current opt=31,True,blst SHA256 33B x100,3,1524,1505,1561,,,I (68671) nutroot_current: blst SHA256 33B x100          x3 mean 1524 min 1505 max 1561 us
39-window-a4,bench nutroot current opt=31,True,IDF SHA256 33B x100,3,1887,1879,1902,,,I (68681) nutroot_current: IDF SHA256 33B x100           x3 mean 1887 min 1879 max 1902 us
39-window-a4,bench nutroot current opt=31,True,blst SHA256 1KiB x100,3,6853,6845,6870,,,I (68706) nutroot_current: blst SHA256 1KiB x100         x3 mean 6853 min 6845 max 6870 us
39-window-a4,bench nutroot current opt=31,True,IDF SHA256 1KiB x100,3,4040,4019,4083,,,I (68724) nutroot_current: IDF SHA256 1KiB x100          x3 mean 4040 min 4019 max 4083 us
39-window-a4,bench nutroot current opt=31,True,secp field mul x1000,3,9415,9409,9427,,,I (68817) nutroot_current: secp field mul x1000          x3 mean 9415 min 9409 max 9427 us
39-window-a4,bench nutroot current opt=31,True,secp field square x1000,3,5839,5834,5851,,,I (68839) nutroot_current: secp field square x1000       x3 mean 5839 min 5834 max 5851 us
39-window-a4,bench nutroot current opt=31,True,MPI secp field mul x1000,3,14034,14030,14044,,,I (68888) nutroot_current: MPI secp field mul x1000      x3 mean 14034 min 14030 max 14044 us
39-window-a4,bench nutroot current opt=31,True,MPI secp field square x1000,3,14030,14030,14030,,,I (68946) nutroot_current: MPI secp field square x1000   x3 mean 14030 min 14030 max 14030 us
39-window-a4,bench nutroot current opt=31,True,secp scalar mul x1000,3,11076,11026,11176,,,I (68992) nutroot_current: secp scalar mul x1000         x3 mean 11076 min 11026 max 11176 us
39-window-a4,bench nutroot current opt=31,True,MPI raw 256-bit x1000,3,6093,6092,6096,,,I (69017) nutroot_current: MPI raw 256-bit x1000         x3 mean 6093 min 6092 max 6096 us
39-window-a4,bench nutroot current opt=31,True,MPI raw 384-bit x1000,3,9783,9780,9790,,,I (69051) nutroot_current: MPI raw 384-bit x1000         x3 mean 9783 min 9780 max 9790 us
39-window-a4,bench nutroot current opt=31,True,MPI raw 768-bit x1000,3,25649,25646,25657,,,I (69133) nutroot_current: MPI raw 768-bit x1000         x3 mean 25649 min 25646 max 25657 us
39-window-a4,bench nutroot current opt=31,True,MPI raw 1152-bit x1000,3,48792,48787,48804,,,I (69284) nutroot_current: MPI raw 1152-bit x1000        x3 mean 48792 min 48787 max 48804 us
39-window-a4,bench nutroot current opt=31,True,MPI raw 1536-bit x1000,3,79227,79206,79270,,,I (69528) nutroot_current: MPI raw 1536-bit x1000        x3 mean 79227 min 79206 max 79270 us
41-bls-lto,bench mpi 14927,True,mpi unchained x1000,3,6758,,,,,I (16634) bls_test: mpi unchained x1000      x3       6758 us/op
41-bls-lto,bench mpi 14927,True,mpi chained x1000,3,6757,,,,,I (16659) bls_test: mpi chained x1000        x3       6757 us/op
41-bls-lto,bench mpi 14927,True,suite_verify n=10 dk,2,2101016,,,,,I (21675) bls_test: suite_verify n=10 dk     x2    2101016 us/op
41-bls-lto,bench mpi 14927,True,swap crypto n=10 dk,2,4833308,,,,,I (31346) bls_test: swap crypto n=10 dk      x2    4833308 us/op
41-bls-lto,bench verify 8047 11,True,suite_verify cold n=10,1,1873987,,,,,"I (34133) bls_test: suite_verify cold n=10: 1873987 us, valid=1"
41-bls-lto,bench verify 8047 11,True,suite_verify n=10 dk,2,1626733,,,,,I (37399) bls_test: suite_verify n=10 dk     x2    1626733 us/op
41-bls-lto,bench verify 8047 11,True,swap crypto n=10 dk,2,3931539,,,,,I (45266) bls_test: swap crypto n=10 dk      x2    3931539 us/op
41-bls-lto,bench legacy 0,True,hash_to_curve,100,1336,,,,,I (45475) crypto_test: hash_to_curve x100: 1336 us/op
41-bls-lto,bench legacy 0,True,blind_message,50,10049,,,,,I (45981) crypto_test: blind_message x50: 10049 us/op
41-bls-lto,bench legacy 0,True,verify_dleq,50,47712,,,,,I (48374) crypto_test: verify_dleq   x50: 47712 us/op
41-bls-lto,bench legacy 1,True,hash_to_curve,100,1336,,,,,I (48553) crypto_test: hash_to_curve x100: 1336 us/op
41-bls-lto,bench legacy 1,True,blind_message,50,10043,,,,,I (49057) crypto_test: blind_message x50: 10043 us/op
41-bls-lto,bench legacy 1,True,verify_dleq,50,23371,,,,,I (50230) crypto_test: verify_dleq   x50: 23371 us/op
41-bls-lto,bench nutroot current opt=15,True,BLS verify cold n=10,1,1872997,1872997,1872997,,,I (66808) nutroot_current: BLS verify cold n=10          x1 mean 1872997 min 1872997 max 1872997 us
41-bls-lto,bench nutroot current opt=15,True,BLS verify warm n=10,4,1628486,1628443,1628533,,,I (73329) nutroot_current: BLS verify warm n=10          x4 mean 1628486 min 1628443 max 1628533 us
41-bls-lto,bench nutroot current opt=15,True,recover+sign separate n=10,3,629119,628929,629451,,,I (75221) nutroot_current: recover+sign separate n=10    x3 mean 629119 min 628929 max 629451 us
41-bls-lto,bench nutroot current opt=15,True,recover+sign retained n=10,3,428157,427971,428373,,,I (76676) nutroot_current: recover+sign retained n=10    x3 mean 428157 min 427971 max 428373 us
41-bls-lto,bench nutroot current opt=15,True,current witnesses n=10,3,164234,164210,164278,,,I (77175) nutroot_current: current witnesses n=10        x3 mean 164234 min 164210 max 164278 us
41-bls-lto,bench nutroot current opt=15,True,blind full factors n=10,3,238729,206542,303098,,,I (77897) nutroot_current: blind full factors n=10       x3 mean 238729 min 206542 max 303098 us
41-bls-lto,bench nutroot current opt=15,True,unblind+verify separate n=10,3,1950985,1950868,1951061,,,I (83757) nutroot_current: unblind+verify separate n=10  x3 mean 1950985 min 1950868 max 1951061 us
41-bls-lto,bench nutroot current opt=15,True,unblind+verify retained n=10,3,1840332,1840276,1840363,,,I (89284) nutroot_current: unblind+verify retained n=10  x3 mean 1840332 min 1840276 max 1840363 us
41-bls-lto,bench nutroot current opt=15,True,unblind+verify batch inverse,3,1844931,1840228,1854140,,,I (94825) nutroot_current: unblind+verify batch inverse  x3 mean 1844931 min 1840228 max 1854140 us
41-bls-lto,bench nutroot current opt=15,True,KDF cached prefix n=10,3,1081,1071,1101,,,I (94835) nutroot_current: KDF cached prefix n=10        x3 mean 1081 min 1071 max 1101 us
41-bls-lto,bench nutroot current opt=15,True,KDF new context n=10,3,1550,1543,1565,,,I (94845) nutroot_current: KDF new context n=10          x3 mean 1550 min 1543 max 1565 us
41-bls-lto,bench nutroot current opt=15,True,prepare current outputs n=10,3,325571,292355,389837,,,I (95827) nutroot_current: prepare current outputs n=10  x3 mean 325571 min 292355 max 389837 us
41-bls-lto,bench nutroot current opt=15,True,read prepared outputs n=10,3,12,12,13,,,I (95834) nutroot_current: read prepared outputs n=10    x3 mean 12 min 12 max 13 us
41-bls-lto,bench nutroot current opt=15,True,NUMS offset verify,5,9353,9290,9602,,,I (95890) nutroot_current: NUMS offset verify            x5 mean 9353 min 9290 max 9602 us
41-bls-lto,bench nutroot current opt=15,True,leaf slot match at 120,2,1004819,1004638,1005000,,,I (97930) nutroot_current: leaf slot match at 120        x2 mean 1004819 min 1004638 max 1005000 us
41-bls-lto,bench nutroot current opt=15,True,blst SHA256 33B x100,3,1524,1509,1555,,,I (97940) nutroot_current: blst SHA256 33B x100          x3 mean 1524 min 1509 max 1555 us
41-bls-lto,bench nutroot current opt=15,True,IDF SHA256 33B x100,3,1817,1804,1843,,,I (97950) nutroot_current: IDF SHA256 33B x100           x3 mean 1817 min 1804 max 1843 us
41-bls-lto,bench nutroot current opt=15,True,blst SHA256 1KiB x100,3,6853,6844,6872,,,I (97975) nutroot_current: blst SHA256 1KiB x100         x3 mean 6853 min 6844 max 6872 us
41-bls-lto,bench nutroot current opt=15,True,IDF SHA256 1KiB x100,3,3959,3927,4023,,,I (97991) nutroot_current: IDF SHA256 1KiB x100          x3 mean 3959 min 3927 max 4023 us
41-bls-lto,bench nutroot current opt=15,True,secp field mul x1000,3,9427,9421,9439,,,I (98084) nutroot_current: secp field mul x1000          x3 mean 9427 min 9421 max 9439 us
41-bls-lto,bench nutroot current opt=15,True,secp field square x1000,3,5851,5847,5860,,,I (98106) nutroot_current: secp field square x1000       x3 mean 5851 min 5847 max 5860 us
41-bls-lto,bench nutroot current opt=15,True,MPI secp field mul x1000,3,14051,14045,14065,,,I (98154) nutroot_current: MPI secp field mul x1000      x3 mean 14051 min 14045 max 14065 us
41-bls-lto,bench nutroot current opt=15,True,MPI secp field square x1000,3,14045,14045,14045,,,I (98212) nutroot_current: MPI secp field square x1000   x3 mean 14045 min 14045 max 14045 us
41-bls-lto,bench nutroot current opt=15,True,secp scalar mul x1000,3,11067,11020,11161,,,I (98257) nutroot_current: secp scalar mul x1000         x3 mean 11067 min 11020 max 11161 us
41-bls-lto,bench nutroot current opt=15,True,MPI raw 256-bit x1000,3,6092,6092,6093,,,I (98282) nutroot_current: MPI raw 256-bit x1000         x3 mean 6092 min 6092 max 6093 us
41-bls-lto,bench nutroot current opt=15,True,MPI raw 384-bit x1000,3,9782,9780,9786,,,I (98316) nutroot_current: MPI raw 384-bit x1000         x3 mean 9782 min 9780 max 9786 us
41-bls-lto,bench nutroot current opt=15,True,MPI raw 768-bit x1000,3,25680,25641,25752,,,I (98398) nutroot_current: MPI raw 768-bit x1000         x3 mean 25680 min 25641 max 25752 us
41-bls-lto,bench nutroot current opt=15,True,MPI raw 1152-bit x1000,3,48789,48787,48795,,,I (98549) nutroot_current: MPI raw 1152-bit x1000        x3 mean 48789 min 48787 max 48795 us
41-bls-lto,bench nutroot current opt=15,True,MPI raw 1536-bit x1000,3,79210,79206,79220,,,I (98793) nutroot_current: MPI raw 1536-bit x1000        x3 mean 79210 min 79206 max 79220 us
42-window-a3,bench mpi 14927,True,mpi unchained x1000,3,6757,,,,,I (16616) bls_test: mpi unchained x1000      x3       6757 us/op
42-window-a3,bench mpi 14927,True,mpi chained x1000,3,6759,,,,,I (16641) bls_test: mpi chained x1000        x3       6759 us/op
42-window-a3,bench mpi 14927,True,suite_verify n=10 dk,2,1390766,,,,,I (20246) bls_test: suite_verify n=10 dk     x2    1390766 us/op
42-window-a3,bench mpi 14927,True,swap crypto n=10 dk,2,3421432,,,,,I (27092) bls_test: swap crypto n=10 dk      x2    3421432 us/op
42-window-a3,bench verify 8047 11,True,suite_verify cold n=10,1,1208785,,,,,"I (29126) bls_test: suite_verify cold n=10: 1208785 us, valid=1"
42-window-a3,bench verify 8047 11,True,suite_verify n=10 dk,2,960288,,,,,I (31061) bls_test: suite_verify n=10 dk     x2     960288 us/op
42-window-a3,bench verify 8047 11,True,swap crypto n=10 dk,2,2620869,,,,,I (36307) bls_test: swap crypto n=10 dk      x2    2620869 us/op
42-window-a3,bench legacy 1,True,hash_to_curve,100,1339,,,,,I (36491) crypto_test: hash_to_curve x100: 1339 us/op
42-window-a3,bench legacy 1,True,blind_message,50,10084,,,,,I (36999) crypto_test: blind_message x50: 10084 us/op
42-window-a3,bench legacy 1,True,verify_dleq,50,42416,,,,,I (39127) crypto_test: verify_dleq   x50: 42416 us/op
42-window-a3,bench nutroot quick opt=15,True,keypair full scalar,8,8062,8026,,8031,,I (39383) nutroot: keypair full scalar      x8  mean     8062 med     8031 min     8026 us
42-window-a3,bench nutroot quick opt=15,True,sign incl keypair,8,16529,16500,,16501,,I (39528) nutroot: sign incl keypair        x8  mean    16529 med    16501 min    16500 us
42-window-a3,bench nutroot quick opt=15,True,sign retained keypair,8,8444,8415,,8415,,I (39609) nutroot: sign retained keypair    x8  mean     8444 med     8415 min     8415 us
42-window-a3,bench nutroot quick opt=15,True,schnorr verify,8,16415,16388,,16394,,I (39754) nutroot: schnorr verify           x8  mean    16415 med    16394 min    16388 us
42-window-a3,bench nutroot quick opt=15,True,ECDH full scalar,8,16008,15967,,15972,,I (39893) nutroot: ECDH full scalar         x8  mean    16008 med    15972 min    15967 us
42-window-a3,bench nutroot quick opt=15,True,parse compressed key,8,626,618,,618,,I (39910) nutroot: parse compressed key     x8  mean      626 med      618 min      618 us
42-window-a3,bench nutroot quick opt=15,True,threshold 2/3 c=2 b=0,3,50066,50005,,50005,,I (40193) nutroot: threshold 2/3 c=2 b=0    x3  mean    50066 med    50005 min    50005 us
42-window-a3,bench nutroot quick opt=15,True,threshold 3/5 c=3 b=0,3,68005,68005,,68005,,I (40581) nutroot: threshold 3/5 c=3 b=0    x3  mean    68005 med    68005 min    68005 us
42-window-a3,bench nutroot quick opt=15,True,threshold 8/15 c=8 b=0,3,160218,160005,,160005,,I (41502) nutroot: threshold 8/15 c=8 b=0   x3  mean   160218 med   160005 min   160005 us
42-window-a3,bench nutroot quick opt=31,True,keypair full scalar,8,8048,8026,,8026,,I (41692) nutroot: keypair full scalar      x8  mean     8048 med     8026 min     8026 us
42-window-a3,bench nutroot quick opt=31,True,sign incl keypair,8,16528,16500,,16500,,I (41837) nutroot: sign incl keypair        x8  mean    16528 med    16500 min    16500 us
42-window-a3,bench nutroot quick opt=31,True,sign retained keypair,8,8440,8409,,8411,,I (41918) nutroot: sign retained keypair    x8  mean     8440 med     8411 min     8409 us
42-window-a3,bench nutroot quick opt=31,True,schnorr verify,8,16416,16384,,16399,,I (42063) nutroot: schnorr verify           x8  mean    16416 med    16399 min    16384 us
42-window-a3,bench nutroot quick opt=31,True,ECDH full scalar,8,16008,15967,,15972,,I (42202) nutroot: ECDH full scalar         x8  mean    16008 med    15972 min    15967 us
42-window-a3,bench nutroot quick opt=31,True,parse compressed key,8,626,618,,618,,I (42219) nutroot: parse compressed key     x8  mean      626 med      618 min      618 us
42-window-a3,bench nutroot quick opt=31,True,threshold 2/3 c=0 b=1,3,50983,50940,,51005,,I (42506) nutroot: threshold 2/3 c=0 b=1    x3  mean    50983 med    51005 min    50940 us
42-window-a3,bench nutroot quick opt=31,True,threshold 3/5 c=0 b=1,3,66951,66845,,67005,,I (42890) nutroot: threshold 3/5 c=0 b=1    x3  mean    66951 med    67005 min    66845 us
42-window-a3,bench nutroot quick opt=31,True,threshold 8/15 c=0 b=1,3,149042,149005,,149005,,I (43769) nutroot: threshold 8/15 c=0 b=1   x3  mean   149042 med   149005 min   149005 us
42-window-a3,bench nutroot current opt=31,True,BLS verify cold n=10,1,1210359,1210359,1210359,,,I (46501) nutroot_current: BLS verify cold n=10          x1 mean 1210359 min 1210359 max 1210359 us
42-window-a3,bench nutroot current opt=31,True,BLS verify warm n=10,4,962148,961942,962732,,,I (50356) nutroot_current: BLS verify warm n=10          x4 mean 962148 min 961942 max 962732 us
42-window-a3,bench nutroot current opt=31,True,recover+sign separate n=10,3,619744,619640,619821,,,I (52221) nutroot_current: recover+sign separate n=10    x3 mean 619744 min 619640 max 619821 us
42-window-a3,bench nutroot current opt=31,True,recover+sign retained n=10,3,428832,428690,428973,,,I (53669) nutroot_current: recover+sign retained n=10    x3 mean 428832 min 428690 max 428973 us
42-window-a3,bench nutroot current opt=31,True,current witnesses n=10,3,155899,155877,155936,,,I (54142) nutroot_current: current witnesses n=10        x3 mean 155899 min 155877 max 155936 us
42-window-a3,bench nutroot current opt=31,True,blind full factors n=10,3,243131,210765,307831,,,I (54877) nutroot_current: blind full factors n=10       x3 mean 243131 min 210765 max 307831 us
42-window-a3,bench nutroot current opt=31,True,unblind+verify separate n=10,3,1292524,1292271,1292664,,,I (58760) nutroot_current: unblind+verify separate n=10  x3 mean 1292524 min 1292271 max 1292664 us
42-window-a3,bench nutroot current opt=31,True,unblind+verify retained n=10,3,1183356,1179312,1191247,,,I (62316) nutroot_current: unblind+verify retained n=10  x3 mean 1183356 min 1179312 max 1191247 us
42-window-a3,bench nutroot current opt=31,True,unblind+verify batch inverse,3,1181632,1179612,1183682,,,I (65866) nutroot_current: unblind+verify batch inverse  x3 mean 1181632 min 1179612 max 1183682 us
42-window-a3,bench nutroot current opt=31,True,KDF cached prefix n=10,3,1098,1088,1119,,,I (65876) nutroot_current: KDF cached prefix n=10        x3 mean 1098 min 1088 max 1119 us
42-window-a3,bench nutroot current opt=31,True,KDF new context n=10,3,1579,1576,1585,,,I (65886) nutroot_current: KDF new context n=10          x3 mean 1579 min 1576 max 1585 us
42-window-a3,bench nutroot current opt=31,True,prepare current outputs n=10,3,329727,297608,393853,,,I (66880) nutroot_current: prepare current outputs n=10  x3 mean 329727 min 297608 max 393853 us
42-window-a3,bench nutroot current opt=31,True,read prepared outputs n=10,3,12,12,13,,,I (66887) nutroot_current: read prepared outputs n=10    x3 mean 12 min 12 max 13 us
42-window-a3,bench nutroot current opt=31,True,NUMS offset verify,5,9330,9263,9596,,,I (66943) nutroot_current: NUMS offset verify            x5 mean 9330 min 9263 max 9596 us
42-window-a3,bench nutroot current opt=31,True,leaf slot match at 120,2,1002792,1000583,1005001,,,I (68979) nutroot_current: leaf slot match at 120        x2 mean 1002792 min 1000583 max 1005001 us
42-window-a3,bench nutroot current opt=31,True,blst SHA256 33B x100,3,1525,1507,1561,,,I (68989) nutroot_current: blst SHA256 33B x100          x3 mean 1525 min 1507 max 1561 us
42-window-a3,bench nutroot current opt=31,True,IDF SHA256 33B x100,3,1891,1880,1913,,,I (68999) nutroot_current: IDF SHA256 33B x100           x3 mean 1891 min 1880 max 1913 us
42-window-a3,bench nutroot current opt=31,True,blst SHA256 1KiB x100,3,6853,6846,6867,,,I (69024) nutroot_current: blst SHA256 1KiB x100         x3 mean 6853 min 6846 max 6867 us
42-window-a3,bench nutroot current opt=31,True,IDF SHA256 1KiB x100,3,4046,4019,4102,,,I (69043) nutroot_current: IDF SHA256 1KiB x100          x3 mean 4046 min 4019 max 4102 us
42-window-a3,bench nutroot current opt=31,True,secp field mul x1000,3,9411,9409,9417,,,I (69136) nutroot_current: secp field mul x1000          x3 mean 9411 min 9409 max 9417 us
42-window-a3,bench nutroot current opt=31,True,secp field square x1000,3,5836,5834,5840,,,I (69158) nutroot_current: secp field square x1000       x3 mean 5836 min 5834 max 5840 us
42-window-a3,bench nutroot current opt=31,True,MPI secp field mul x1000,3,14035,14031,14043,,,I (69206) nutroot_current: MPI secp field mul x1000      x3 mean 14035 min 14031 max 14043 us
42-window-a3,bench nutroot current opt=31,True,MPI secp field square x1000,3,14031,14031,14031,,,I (69264) nutroot_current: MPI secp field square x1000   x3 mean 14031 min 14031 max 14031 us
42-window-a3,bench nutroot current opt=31,True,secp scalar mul x1000,3,11074,11026,11170,,,I (69309) nutroot_current: secp scalar mul x1000         x3 mean 11074 min 11026 max 11170 us
42-window-a3,bench nutroot current opt=31,True,MPI raw 256-bit x1000,3,6093,6092,6094,,,I (69334) nutroot_current: MPI raw 256-bit x1000         x3 mean 6093 min 6092 max 6094 us
42-window-a3,bench nutroot current opt=31,True,MPI raw 384-bit x1000,3,9811,9778,9878,,,I (69368) nutroot_current: MPI raw 384-bit x1000         x3 mean 9811 min 9778 max 9878 us
42-window-a3,bench nutroot current opt=31,True,MPI raw 768-bit x1000,3,25650,25647,25656,,,I (69450) nutroot_current: MPI raw 768-bit x1000         x3 mean 25650 min 25647 max 25656 us
42-window-a3,bench nutroot current opt=31,True,MPI raw 1152-bit x1000,3,48793,48788,48805,,,I (69602) nutroot_current: MPI raw 1152-bit x1000        x3 mean 48793 min 48788 max 48805 us
42-window-a3,bench nutroot current opt=31,True,MPI raw 1536-bit x1000,3,79210,79206,79219,,,I (69846) nutroot_current: MPI raw 1536-bit x1000        x3 mean 79210 min 79206 max 79219 us
42-window-a3,bench contend 8047,True,scale cold,1,2233725,,,,0,I (73238) bls_test: scale cold sample=0 time=2233725 us valid=1
42-window-a3,bench contend 8047,True,scale warm,1,2083797,,,,1,I (75324) bls_test: scale warm sample=1 time=2083797 us valid=1
42-window-a3,bench contend 8047,True,scale warm,1,2083919,,,,2,I (77410) bls_test: scale warm sample=2 time=2083919 us valid=1
43-defaults,bench legacy 0,True,hash_to_curve,100,1341,,,,,I (26191) crypto_test: hash_to_curve x100: 1341 us/op
43-defaults,bench legacy 0,True,blind_message,50,10397,,,,,I (26714) crypto_test: blind_message x50: 10397 us/op
43-defaults,bench legacy 0,True,verify_dleq,50,49078,,,,,I (29173) crypto_test: verify_dleq   x50: 49078 us/op
43-defaults,bench legacy 1,True,hash_to_curve,100,1340,,,,,I (29433) crypto_test: hash_to_curve x100: 1340 us/op
43-defaults,bench legacy 1,True,blind_message,50,10395,,,,,I (29956) crypto_test: blind_message x50: 10395 us/op
43-defaults,bench legacy 1,True,verify_dleq,50,21238,,,,,I (31025) crypto_test: verify_dleq   x50: 21238 us/op
43-defaults,bench verify 8047 11,True,suite_verify cold n=10,1,1211513,,,,,"I (33185) bls_test: suite_verify cold n=10: 1211513 us, valid=1"
43-defaults,bench verify 8047 11,True,suite_verify n=10 dk,2,961362,,,,,I (35122) bls_test: suite_verify n=10 dk     x2     961362 us/op
43-defaults,bench verify 8047 11,True,swap crypto n=10 dk,2,2612824,,,,,I (40351) bls_test: swap crypto n=10 dk      x2    2612824 us/op
43-defaults,bench nutroot quick opt=95,True,keypair full scalar,8,8140,8100,,8103,,I (40493) nutroot: keypair full scalar      x8  mean     8140 med     8103 min     8100 us
43-defaults,bench nutroot quick opt=95,True,sign incl keypair,8,17014,17001,,17001,,I (40646) nutroot: sign incl keypair        x8  mean    17014 med    17001 min    17001 us
43-defaults,bench nutroot quick opt=95,True,sign retained keypair,8,8764,8755,,8755,,I (40728) nutroot: sign retained keypair    x8  mean     8764 med     8755 min     8755 us
43-defaults,bench nutroot quick opt=95,True,schnorr verify,8,15502,15475,,15504,,I (40865) nutroot: schnorr verify           x8  mean    15502 med    15504 min    15475 us
43-defaults,bench nutroot quick opt=95,True,ECDH full scalar,8,16339,16322,,16331,,I (41010) nutroot: ECDH full scalar         x8  mean    16339 med    16331 min    16322 us
43-defaults,bench nutroot quick opt=95,True,parse compressed key,8,649,617,,617,,I (41027) nutroot: parse compressed key     x8  mean      649 med      617 min      617 us
43-defaults,bench nutroot quick opt=95,True,threshold 2/3 c=2 b=0,3,49131,49002,,49002,,I (41309) nutroot: threshold 2/3 c=2 b=0    x3  mean    49131 med    49002 min    49002 us
43-defaults,bench nutroot quick opt=95,True,threshold 3/5 c=0 b=1,3,64959,64875,,65002,,I (41688) nutroot: threshold 3/5 c=0 b=1    x3  mean    64959 med    65002 min    64875 us
43-defaults,bench nutroot quick opt=95,True,threshold 8/15 c=0 b=1,3,136925,136771,,137002,,I (42526) nutroot: threshold 8/15 c=0 b=1   x3  mean   136925 med   137002 min   136771 us
43-defaults,bench nutroot current opt=95,True,BLS verify cold n=10,1,1210368,1210368,1210368,,,I (45166) nutroot_current: BLS verify cold n=10          x1 mean 1210368 min 1210368 max 1210368 us
43-defaults,bench nutroot current opt=95,True,BLS verify warm n=10,4,962389,962115,962979,,,I (49024) nutroot_current: BLS verify warm n=10          x4 mean 962389 min 962115 max 962979 us
43-defaults,bench nutroot current opt=95,True,recover+sign separate n=10,3,637359,637226,637508,,,I (50942) nutroot_current: recover+sign separate n=10    x3 mean 637359 min 637226 max 637508 us
43-defaults,bench nutroot current opt=95,True,recover+sign retained n=10,3,439118,439059,439149,,,I (52406) nutroot_current: recover+sign retained n=10    x3 mean 439118 min 439059 max 439149 us
43-defaults,bench nutroot current opt=95,True,current witnesses n=10,3,140412,140317,140572,,,I (52833) nutroot_current: current witnesses n=10        x3 mean 140412 min 140317 max 140572 us
43-defaults,bench nutroot current opt=95,True,commitments individual n=10,3,115232,115213,115266,,,I (53185) nutroot_current: commitments individual n=10   x3 mean 115232 min 115213 max 115266 us
43-defaults,bench nutroot current opt=95,True,commitments batch n=10,3,82051,81949,82134,,,I (53437) nutroot_current: commitments batch n=10        x3 mean 82051 min 81949 max 82134 us
43-defaults,bench nutroot current opt=95,True,blind full factors n=10,3,243579,211369,307985,,,I (54256) nutroot_current: blind full factors n=10       x3 mean 243579 min 211369 max 307985 us
43-defaults,bench nutroot current opt=95,True,unblind+verify separate n=10,3,1292713,1292620,1292854,,,I (58139) nutroot_current: unblind+verify separate n=10  x3 mean 1292713 min 1292620 max 1292854 us
43-defaults,bench nutroot current opt=95,True,unblind+verify retained n=10,3,1180386,1179849,1180952,,,I (61685) nutroot_current: unblind+verify retained n=10  x3 mean 1180386 min 1179849 max 1180952 us
43-defaults,bench nutroot current opt=95,True,unblind+verify batch inverse,3,1186299,1182629,1193051,,,I (65251) nutroot_current: unblind+verify batch inverse  x3 mean 1186299 min 1182629 max 1193051 us
43-defaults,bench nutroot current opt=95,True,KDF cached prefix n=10,3,1099,1088,1121,,,I (65261) nutroot_current: KDF cached prefix n=10        x3 mean 1099 min 1088 max 1121 us
43-defaults,bench nutroot current opt=95,True,KDF new context n=10,3,1582,1576,1595,,,I (65271) nutroot_current: KDF new context n=10          x3 mean 1582 min 1576 max 1595 us
43-defaults,bench nutroot current opt=95,True,prepare current outputs n=10,3,331819,299610,396239,,,I (66272) nutroot_current: prepare current outputs n=10  x3 mean 331819 min 299610 max 396239 us
43-defaults,bench nutroot current opt=95,True,read prepared outputs n=10,3,12,12,13,,,I (66279) nutroot_current: read prepared outputs n=10    x3 mean 12 min 12 max 13 us
43-defaults,bench nutroot current opt=95,True,NUMS offset verify,5,9615,9564,9805,,,I (66335) nutroot_current: NUMS offset verify            x5 mean 9615 min 9564 max 9805 us
43-defaults,bench nutroot current opt=95,True,leaf slot match at 120,2,1035047,1035000,1035095,,,I (68436) nutroot_current: leaf slot match at 120        x2 mean 1035047 min 1035000 max 1035095 us
43-defaults,bench nutroot current opt=95,True,blst SHA256 33B x100,3,1526,1505,1568,,,I (68446) nutroot_current: blst SHA256 33B x100          x3 mean 1526 min 1505 max 1568 us
43-defaults,bench nutroot current opt=95,True,IDF SHA256 33B x100,3,1894,1879,1926,,,I (68456) nutroot_current: IDF SHA256 33B x100           x3 mean 1894 min 1879 max 1926 us
43-defaults,bench nutroot current opt=95,True,blst SHA256 1KiB x100,3,6855,6844,6879,,,I (68481) nutroot_current: blst SHA256 1KiB x100         x3 mean 6855 min 6844 max 6879 us
43-defaults,bench nutroot current opt=95,True,IDF SHA256 1KiB x100,3,4048,4019,4106,,,I (68499) nutroot_current: IDF SHA256 1KiB x100          x3 mean 4048 min 4019 max 4106 us
43-defaults,bench nutroot current opt=95,True,secp field mul x1000,3,9409,9402,9425,,,I (68592) nutroot_current: secp field mul x1000          x3 mean 9409 min 9402 max 9425 us
43-defaults,bench nutroot current opt=95,True,secp field square x1000,3,5854,5828,5905,,,I (68614) nutroot_current: secp field square x1000       x3 mean 5854 min 5828 max 5905 us
43-defaults,bench nutroot current opt=95,True,MPI secp field mul x1000,3,14058,14044,14087,,,I (68663) nutroot_current: MPI secp field mul x1000      x3 mean 14058 min 14044 max 14087 us
43-defaults,bench nutroot current opt=95,True,MPI secp field square x1000,3,14046,14044,14051,,,I (68721) nutroot_current: MPI secp field square x1000   x3 mean 14046 min 14044 max 14051 us
43-defaults,bench nutroot current opt=95,True,secp scalar mul x1000,3,11068,11019,11165,,,I (68766) nutroot_current: secp scalar mul x1000         x3 mean 11068 min 11019 max 11165 us
43-defaults,bench nutroot current opt=95,True,MPI raw 256-bit x1000,3,6093,6092,6096,,,I (68791) nutroot_current: MPI raw 256-bit x1000         x3 mean 6093 min 6092 max 6096 us
43-defaults,bench nutroot current opt=95,True,MPI raw 384-bit x1000,3,9778,9778,9778,,,I (68825) nutroot_current: MPI raw 384-bit x1000         x3 mean 9778 min 9778 max 9778 us
43-defaults,bench nutroot current opt=95,True,MPI raw 768-bit x1000,3,25645,25644,25646,,,I (68907) nutroot_current: MPI raw 768-bit x1000         x3 mean 25645 min 25644 max 25646 us
43-defaults,bench nutroot current opt=95,True,MPI raw 1152-bit x1000,3,48790,48787,48796,,,I (69058) nutroot_current: MPI raw 1152-bit x1000        x3 mean 48790 min 48787 max 48796 us
43-defaults,bench nutroot current opt=95,True,MPI raw 1536-bit x1000,3,79209,79206,79217,,,I (69302) nutroot_current: MPI raw 1536-bit x1000        x3 mean 79209 min 79206 max 79217 us
43-defaults,bench contend 8047,True,scale cold,1,2208570,,,,0,I (72584) bls_test: scale cold sample=0 time=2208570 us valid=1
43-defaults,bench contend 8047,True,scale warm,1,2058537,,,,1,I (74645) bls_test: scale warm sample=1 time=2058537 us valid=1
43-defaults,bench contend 8047,True,scale warm,1,2058537,,,,2,I (76706) bls_test: scale warm sample=2 time=2058537 us valid=1
44-final,bench verify 8047 11,True,suite_verify cold n=10,1,1208710,,,,,"I (27936) bls_test: suite_verify cold n=10: 1208710 us, valid=1"
44-final,bench verify 8047 11,True,suite_verify n=10 dk,2,960564,,,,,I (29872) bls_test: suite_verify n=10 dk     x2     960564 us/op
44-final,bench verify 8047 11,True,swap crypto n=10 dk,2,2621702,,,,,I (35119) bls_test: swap crypto n=10 dk      x2    2621702 us/op
44-final,bench nutroot current opt=95,True,BLS verify cold n=10,1,1210112,1210112,1210112,,,I (37787) nutroot_current: BLS verify cold n=10          x1 mean 1210112 min 1210112 max 1210112 us
44-final,bench nutroot current opt=95,True,BLS verify warm n=10,4,962747,962657,962782,,,I (41644) nutroot_current: BLS verify warm n=10          x4 mean 962747 min 962657 max 962782 us
44-final,bench nutroot current opt=95,True,recover+sign separate n=10,3,637317,637299,637328,,,I (43562) nutroot_current: recover+sign separate n=10    x3 mean 637317 min 637299 max 637328 us
44-final,bench nutroot current opt=95,True,recover+sign retained n=10,3,439268,439239,439288,,,I (45026) nutroot_current: recover+sign retained n=10    x3 mean 439268 min 439239 max 439288 us
44-final,bench nutroot current opt=95,True,current witnesses n=10,3,140076,139916,140172,,,I (45452) nutroot_current: current witnesses n=10        x3 mean 140076 min 139916 max 140172 us
44-final,bench nutroot current opt=95,True,commitments individual n=10,3,114942,114933,114960,,,I (45802) nutroot_current: commitments individual n=10   x3 mean 114942 min 114933 max 114960 us
44-final,bench nutroot current opt=95,True,commitments batch n=10,3,81758,81655,81935,,,I (46053) nutroot_current: commitments batch n=10        x3 mean 81758 min 81655 max 81935 us
44-final,bench nutroot current opt=95,True,blind full factors n=10,3,242964,210643,307564,,,I (46869) nutroot_current: blind full factors n=10       x3 mean 242964 min 210643 max 307564 us
44-final,bench nutroot current opt=95,True,unblind+verify separate n=10,3,1292354,1292249,1292408,,,I (50752) nutroot_current: unblind+verify separate n=10  x3 mean 1292354 min 1292249 max 1292408 us
44-final,bench nutroot current opt=95,True,unblind+verify retained n=10,3,1179279,1179231,1179303,,,I (54296) nutroot_current: unblind+verify retained n=10  x3 mean 1179279 min 1179231 max 1179303 us
44-final,bench nutroot current opt=95,True,unblind+verify batch inverse,3,1179431,1179388,1179459,,,I (57840) nutroot_current: unblind+verify batch inverse  x3 mean 1179431 min 1179388 max 1179459 us
44-final,bench nutroot current opt=95,True,KDF cached prefix n=10,3,1098,1088,1119,,,I (57850) nutroot_current: KDF cached prefix n=10        x3 mean 1098 min 1088 max 1119 us
44-final,bench nutroot current opt=95,True,KDF new context n=10,3,1582,1576,1595,,,I (57860) nutroot_current: KDF new context n=10          x3 mean 1582 min 1576 max 1595 us
44-final,bench nutroot current opt=95,True,prepare current outputs n=10,3,331594,299436,395767,,,I (58860) nutroot_current: prepare current outputs n=10  x3 mean 331594 min 299436 max 395767 us
44-final,bench nutroot current opt=95,True,read prepared outputs n=10,3,14,13,18,,,I (58867) nutroot_current: read prepared outputs n=10    x3 mean 14 min 13 max 18 us
44-final,bench nutroot current opt=95,True,NUMS offset verify,5,9601,9550,9806,,,I (58923) nutroot_current: NUMS offset verify            x5 mean 9601 min 9550 max 9806 us
44-final,bench nutroot current opt=95,True,leaf slot match at 120,2,1035594,1034189,1036999,,,I (61025) nutroot_current: leaf slot match at 120        x2 mean 1035594 min 1034189 max 1036999 us
44-final,bench nutroot current opt=95,True,blst SHA256 33B x100,3,1528,1506,1574,,,I (61035) nutroot_current: blst SHA256 33B x100          x3 mean 1528 min 1506 max 1574 us
44-final,bench nutroot current opt=95,True,IDF SHA256 33B x100,3,1891,1880,1913,,,I (61045) nutroot_current: IDF SHA256 33B x100           x3 mean 1891 min 1880 max 1913 us
44-final,bench nutroot current opt=95,True,blst SHA256 1KiB x100,3,6851,6844,6865,,,I (61070) nutroot_current: blst SHA256 1KiB x100         x3 mean 6851 min 6844 max 6865 us
44-final,bench nutroot current opt=95,True,IDF SHA256 1KiB x100,3,4046,4020,4098,,,I (61089) nutroot_current: IDF SHA256 1KiB x100          x3 mean 4046 min 4020 max 4098 us
44-final,bench nutroot current opt=95,True,BLS Fp2 multiply x100,3,1818,1817,1821,,,I (61266) nutroot_current: BLS Fp2 multiply x100         x3 mean 1818 min 1817 max 1821 us
44-final,bench nutroot current opt=95,True,BLS Fp2 square x100,3,1388,1386,1393,,,I (61276) nutroot_current: BLS Fp2 square x100           x3 mean 1388 min 1386 max 1393 us
44-final,bench nutroot current opt=95,True,BLS Fp2 inverse x100,3,110523,110242,110745,,,I (61613) nutroot_current: BLS Fp2 inverse x100          x3 mean 110523 min 110242 max 110745 us
44-final,bench nutroot current opt=95,True,BLS cyclotomic square x100,3,24470,24348,24715,,,I (61692) nutroot_current: BLS cyclotomic square x100    x3 mean 24470 min 24348 max 24715 us
44-final,bench nutroot current opt=95,True,BLS final exponent,5,100284,99354,100554,,,I (62202) nutroot_current: BLS final exponent            x5 mean 100284 min 99354 max 100554 us
44-final,bench nutroot current opt=95,True,secp field mul x1000,3,9408,9405,9413,,,I (62295) nutroot_current: secp field mul x1000          x3 mean 9408 min 9405 max 9413 us
44-final,bench nutroot current opt=95,True,secp field square x1000,3,5860,5828,5924,,,I (62318) nutroot_current: secp field square x1000       x3 mean 5860 min 5828 max 5924 us
44-final,bench nutroot current opt=95,True,MPI secp field mul x1000,3,14093,14045,14150,,,I (62367) nutroot_current: MPI secp field mul x1000      x3 mean 14093 min 14045 max 14150 us
44-final,bench nutroot current opt=95,True,MPI secp field square x1000,3,14048,14045,14054,,,I (62425) nutroot_current: MPI secp field square x1000   x3 mean 14048 min 14045 max 14054 us
44-final,bench nutroot current opt=95,True,secp scalar mul x1000,3,11068,11020,11164,,,I (62470) nutroot_current: secp scalar mul x1000         x3 mean 11068 min 11020 max 11164 us
44-final,bench nutroot current opt=95,True,MPI raw 256-bit x1000,3,6093,6093,6093,,,I (62495) nutroot_current: MPI raw 256-bit x1000         x3 mean 6093 min 6093 max 6093 us
44-final,bench nutroot current opt=95,True,MPI raw 384-bit x1000,3,9780,9779,9784,,,I (62529) nutroot_current: MPI raw 384-bit x1000         x3 mean 9780 min 9779 max 9784 us
44-final,bench nutroot current opt=95,True,MPI raw 768-bit x1000,3,25804,25647,26112,,,I (62612) nutroot_current: MPI raw 768-bit x1000         x3 mean 25804 min 25647 max 26112 us
44-final,bench nutroot current opt=95,True,MPI raw 1152-bit x1000,3,48790,48788,48794,,,I (62764) nutroot_current: MPI raw 1152-bit x1000        x3 mean 48790 min 48788 max 48794 us
44-final,bench nutroot current opt=95,True,MPI raw 1536-bit x1000,3,79330,79209,79513,,,I (63008) nutroot_current: MPI raw 1536-bit x1000        x3 mean 79330 min 79209 max 79513 us
44-final,bench scale 8047 11 16 10 3,True,scale cold,1,1550375,,,,0,I (65140) bls_test: scale cold sample=0 time=1550375 us valid=1
44-final,bench scale 8047 11 16 10 3,True,scale warm,1,1241928,,,,1,I (66384) bls_test: scale warm sample=1 time=1241928 us valid=1
44-final,bench scale 8047 11 16 10 3,True,scale warm,1,1242970,,,,2,I (67629) bls_test: scale warm sample=2 time=1242970 us valid=1
44-final,bench scale 8047 11 16 10 3,True,scale warm,1,1242989,,,,3,I (68874) bls_test: scale warm sample=3 time=1242989 us valid=1
44-final,bench scale 8047 11 32 10 3,True,scale cold,1,2208134,,,,0,I (73407) bls_test: scale cold sample=0 time=2208134 us valid=1
44-final,bench scale 8047 11 32 10 3,True,scale warm,1,2057128,,,,1,I (75466) bls_test: scale warm sample=1 time=2057128 us valid=1
44-final,bench scale 8047 11 32 10 3,True,scale warm,1,2057089,,,,2,I (77526) bls_test: scale warm sample=2 time=2057089 us valid=1
44-final,bench scale 8047 11 32 10 3,True,scale warm,1,2057104,,,,3,I (79585) bls_test: scale warm sample=3 time=2057104 us valid=1
44-final,bench scale 8047 11 64 10 3,True,scale cold,1,3479376,,,,0,I (87273) bls_test: scale cold sample=0 time=3479376 us valid=1
44-final,bench scale 8047 11 64 10 3,True,scale warm,1,3329490,,,,1,I (90605) bls_test: scale warm sample=1 time=3329490 us valid=1
44-final,bench scale 8047 11 64 10 3,True,scale warm,1,3347476,,,,2,I (93955) bls_test: scale warm sample=2 time=3347476 us valid=1
44-final,bench scale 8047 11 64 10 3,True,scale warm,1,3328339,,,,3,I (97286) bls_test: scale warm sample=3 time=3328339 us valid=1
45-affine-cache,bench verify 8047 11,True,suite_verify cold n=10,1,1222558,,,,,"I (27934) bls_test: suite_verify cold n=10: 1222558 us, valid=1"
45-affine-cache,bench verify 8047 11,True,suite_verify n=10 dk,2,959390,,,,,I (29866) bls_test: suite_verify n=10 dk     x2     959390 us/op
45-affine-cache,bench verify 8047 11,True,swap crypto n=10 dk,2,2528037,,,,,I (34926) bls_test: swap crypto n=10 dk      x2    2528037 us/op
45-affine-cache,bench nutroot current opt=95,True,BLS verify cold n=10,1,1225036,1225036,1225036,,,I (37648) nutroot_current: BLS verify cold n=10          x1 mean 1225036 min 1225036 max 1225036 us
45-affine-cache,bench nutroot current opt=95,True,BLS verify warm n=10,4,960546,960489,960575,,,I (41497) nutroot_current: BLS verify warm n=10          x4 mean 960546 min 960489 max 960575 us
45-affine-cache,bench nutroot current opt=95,True,recover+sign separate n=10,3,637494,637489,637499,,,I (43415) nutroot_current: recover+sign separate n=10    x3 mean 637494 min 637489 max 637499 us
45-affine-cache,bench nutroot current opt=95,True,recover+sign retained n=10,3,438985,438915,439058,,,I (44878) nutroot_current: recover+sign retained n=10    x3 mean 438985 min 438915 max 439058 us
45-affine-cache,bench nutroot current opt=95,True,current witnesses n=10,3,140522,140379,140620,,,I (45305) nutroot_current: current witnesses n=10        x3 mean 140522 min 140379 max 140620 us
45-affine-cache,bench nutroot current opt=95,True,commitments individual n=10,3,115416,115369,115508,,,I (45658) nutroot_current: commitments individual n=10   x3 mean 115416 min 115369 max 115508 us
45-affine-cache,bench nutroot current opt=95,True,commitments batch n=10,3,82142,82055,82307,,,I (45911) nutroot_current: commitments batch n=10        x3 mean 82142 min 82055 max 82307 us
45-affine-cache,bench nutroot current opt=95,True,commitments API n=10,3,82761,82726,82799,,,I (46164) nutroot_current: commitments API n=10          x3 mean 82761 min 82726 max 82799 us
45-affine-cache,bench nutroot current opt=95,True,blind fresh secrets n=10,1,321192,321192,321192,,,I (46570) nutroot_current: blind fresh secrets n=10      x1 mean 321192 min 321192 max 321192 us
45-affine-cache,bench nutroot current opt=95,True,blind cached secrets n=10,3,209628,209597,209683,,,I (47204) nutroot_current: blind cached secrets n=10     x3 mean 209628 min 209597 max 209683 us
45-affine-cache,bench nutroot current opt=95,True,unblind+verify separate n=10,3,1290448,1290007,1291098,,,I (51082) nutroot_current: unblind+verify separate n=10  x3 mean 1290448 min 1290007 max 1291098 us
45-affine-cache,bench nutroot current opt=95,True,unblind+verify retained n=10,3,1176448,1176232,1176815,,,I (54618) nutroot_current: unblind+verify retained n=10  x3 mean 1176448 min 1176232 max 1176815 us
45-affine-cache,bench nutroot current opt=95,True,unblind+verify batch inverse,3,1176781,1176276,1177113,,,I (58155) nutroot_current: unblind+verify batch inverse  x3 mean 1176781 min 1176276 max 1177113 us
45-affine-cache,bench nutroot current opt=95,True,KDF cached prefix n=10,3,1074,1064,1095,,,I (58165) nutroot_current: KDF cached prefix n=10        x3 mean 1074 min 1064 max 1095 us
45-affine-cache,bench nutroot current opt=95,True,KDF new context n=10,3,1533,1525,1550,,,I (58175) nutroot_current: KDF new context n=10          x3 mean 1533 min 1525 max 1550 us
45-affine-cache,bench nutroot current opt=95,True,prepare fresh outputs n=10,3,409398,409216,409509,,,I (59409) nutroot_current: prepare fresh outputs n=10    x3 mean 409398 min 409216 max 409509 us
45-affine-cache,bench nutroot current opt=95,True,read prepared outputs n=10,3,12,12,14,,,I (59416) nutroot_current: read prepared outputs n=10    x3 mean 12 min 12 max 14 us
45-affine-cache,bench nutroot current opt=95,True,NUMS offset verify,5,9578,9522,9798,,,I (59472) nutroot_current: NUMS offset verify            x5 mean 9578 min 9522 max 9798 us
45-affine-cache,bench nutroot current opt=95,True,leaf slot match at 120,2,1025022,1022045,1028000,,,I (61553) nutroot_current: leaf slot match at 120        x2 mean 1025022 min 1022045 max 1028000 us
45-affine-cache,bench nutroot current opt=95,True,blst SHA256 33B x100,3,1531,1507,1580,,,I (61563) nutroot_current: blst SHA256 33B x100          x3 mean 1531 min 1507 max 1580 us
45-affine-cache,bench nutroot current opt=95,True,IDF SHA256 33B x100,3,2093,1804,2668,,,I (61574) nutroot_current: IDF SHA256 33B x100           x3 mean 2093 min 1804 max 2668 us
45-affine-cache,bench nutroot current opt=95,True,blst SHA256 1KiB x100,3,6881,6864,6916,,,I (61600) nutroot_current: blst SHA256 1KiB x100         x3 mean 6881 min 6864 max 6916 us
45-affine-cache,bench nutroot current opt=95,True,IDF SHA256 1KiB x100,3,3960,3928,4024,,,I (61616) nutroot_current: IDF SHA256 1KiB x100          x3 mean 3960 min 3928 max 4024 us
45-affine-cache,bench nutroot current opt=95,True,BLS Fp2 multiply x100,3,1819,1817,1823,,,I (61792) nutroot_current: BLS Fp2 multiply x100         x3 mean 1819 min 1817 max 1823 us
45-affine-cache,bench nutroot current opt=95,True,BLS Fp2 square x100,3,1388,1386,1394,,,I (61802) nutroot_current: BLS Fp2 square x100           x3 mean 1388 min 1386 max 1394 us
45-affine-cache,bench nutroot current opt=95,True,BLS Fp2 inverse x100,3,113338,112990,113673,,,I (62148) nutroot_current: BLS Fp2 inverse x100          x3 mean 113338 min 112990 max 113673 us
45-affine-cache,bench nutroot current opt=95,True,BLS cyclotomic square x100,3,24753,24370,25454,,,I (62228) nutroot_current: BLS cyclotomic square x100    x3 mean 24753 min 24370 max 25454 us
45-affine-cache,bench nutroot current opt=95,True,BLS final exponent,5,100041,99320,100731,,,I (62737) nutroot_current: BLS final exponent            x5 mean 100041 min 99320 max 100731 us
45-affine-cache,bench nutroot current opt=95,True,secp field mul x1000,3,9394,9390,9402,,,I (62830) nutroot_current: secp field mul x1000          x3 mean 9394 min 9390 max 9402 us
45-affine-cache,bench nutroot current opt=95,True,secp field square x1000,3,5845,5815,5906,,,I (62852) nutroot_current: secp field square x1000       x3 mean 5845 min 5815 max 5906 us
45-affine-cache,bench nutroot current opt=95,True,MPI secp field mul x1000,3,14201,14030,14515,,,I (62901) nutroot_current: MPI secp field mul x1000      x3 mean 14201 min 14030 max 14515 us
45-affine-cache,bench nutroot current opt=95,True,MPI secp field square x1000,3,14036,14030,14048,,,I (62959) nutroot_current: MPI secp field square x1000   x3 mean 14036 min 14030 max 14048 us
45-affine-cache,bench nutroot current opt=95,True,secp scalar mul x1000,3,11076,11026,11176,,,I (63005) nutroot_current: secp scalar mul x1000         x3 mean 11076 min 11026 max 11176 us
45-affine-cache,bench nutroot current opt=95,True,MPI raw 256-bit x1000,3,6094,6092,6099,,,I (63030) nutroot_current: MPI raw 256-bit x1000         x3 mean 6094 min 6092 max 6099 us
45-affine-cache,bench nutroot current opt=95,True,MPI raw 384-bit x1000,3,9777,9776,9778,,,I (63064) nutroot_current: MPI raw 384-bit x1000         x3 mean 9777 min 9776 max 9778 us
45-affine-cache,bench nutroot current opt=95,True,MPI raw 768-bit x1000,3,25644,25638,25647,,,I (63146) nutroot_current: MPI raw 768-bit x1000         x3 mean 25644 min 25638 max 25647 us
45-affine-cache,bench nutroot current opt=95,True,MPI raw 1152-bit x1000,3,48956,48807,49204,,,I (63299) nutroot_current: MPI raw 1152-bit x1000        x3 mean 48956 min 48807 max 49204 us
45-affine-cache,bench nutroot current opt=95,True,MPI raw 1536-bit x1000,3,79245,79206,79323,,,I (63543) nutroot_current: MPI raw 1536-bit x1000        x3 mean 79245 min 79206 max 79323 us
45-affine-cache,bench scale 8047 11 16 10 3,True,scale cold,1,1568842,,,,0,I (65641) bls_test: scale cold sample=0 time=1568842 us valid=1
45-affine-cache,bench scale 8047 11 16 10 3,True,scale warm,1,1219838,,,,1,I (66863) bls_test: scale warm sample=1 time=1219838 us valid=1
45-affine-cache,bench scale 8047 11 16 10 3,True,scale warm,1,1219670,,,,2,I (68085) bls_test: scale warm sample=2 time=1219670 us valid=1
45-affine-cache,bench scale 8047 11 16 10 3,True,scale warm,1,1219643,,,,3,I (69307) bls_test: scale warm sample=3 time=1219643 us valid=1
45-affine-cache,bench scale 8047 11 32 10 3,True,scale cold,1,2247364,,,,0,I (73931) bls_test: scale cold sample=0 time=2247364 us valid=1
45-affine-cache,bench scale 8047 11 32 10 3,True,scale warm,1,1699846,,,,1,I (75633) bls_test: scale warm sample=1 time=1699846 us valid=1
45-affine-cache,bench scale 8047 11 32 10 3,True,scale warm,1,1699669,,,,2,I (77335) bls_test: scale warm sample=2 time=1699669 us valid=1
45-affine-cache,bench scale 8047 11 32 10 3,True,scale warm,1,1699641,,,,3,I (79037) bls_test: scale warm sample=3 time=1699641 us valid=1
45-affine-cache,bench scale 8047 11 64 10 3,True,scale cold,1,3603121,,,,0,I (86492) bls_test: scale cold sample=0 time=3603121 us valid=1
45-affine-cache,bench scale 8047 11 64 10 3,True,scale warm,1,3453050,,,,1,I (89948) bls_test: scale warm sample=1 time=3453050 us valid=1
45-affine-cache,bench scale 8047 11 64 10 3,True,scale warm,1,3463455,,,,2,I (93413) bls_test: scale warm sample=2 time=3463455 us valid=1
45-affine-cache,bench scale 8047 11 64 10 3,True,scale warm,1,3454101,,,,3,I (96870) bls_test: scale warm sample=3 time=3454101 us valid=1
46-rv32-copy,bench mpi 14927,False,mpi unchained x1000,3,6752,,,,,I (16607) bls_test: mpi unchained x1000      x3       6752 us/op
46-rv32-copy,bench mpi 14927,False,mpi chained x1000,3,6758,,,,,I (16632) bls_test: mpi chained x1000        x3       6758 us/op
46-rv32-copy,bench mpi 14927,False,suite_verify cold n=10,1,1227790,,,,,"I (18679) bls_test: suite_verify cold n=10: 1227790 us, valid=1"
46-rv32-copy,bench mpi 14927,False,suite_verify n=10 dk,2,963883,,,,,I (20620) bls_test: suite_verify n=10 dk     x2     963883 us/op
46-rv32-copy,bench mpi 14927,False,swap crypto n=10 dk,2,2527116,,,,,I (25679) bls_test: swap crypto n=10 dk      x2    2527116 us/op
46-rv32-copy,bench verify 8047 11,False,suite_verify cold n=10,1,1227793,,,,,"I (27766) bls_test: suite_verify cold n=10: 1227793 us, valid=1"
46-rv32-copy,bench verify 8047 11,False,suite_verify n=10 dk,2,963875,,,,,I (29707) bls_test: suite_verify n=10 dk     x2     963875 us/op
46-rv32-copy,bench verify 8047 11,False,swap crypto n=10 dk,2,2536962,,,,,I (34785) bls_test: swap crypto n=10 dk      x2    2536962 us/op
46-rv32-copy,bench verify 8047 11,False,suite_verify cold n=10,1,1227701,,,,,"I (37030) bls_test: suite_verify cold n=10: 1227701 us, valid=1"
46-rv32-copy,bench verify 8047 11,False,suite_verify n=10 dk,2,963848,,,,,I (38971) bls_test: suite_verify n=10 dk     x2     963848 us/op
46-rv32-copy,bench verify 8047 11,False,swap crypto n=10 dk,2,2526715,,,,,I (44029) bls_test: swap crypto n=10 dk      x2    2526715 us/op
46-rv32-copy,bench nutroot current opt=95,False,BLS verify cold n=10,1,1229927,1229927,1229927,,,I (56305) nutroot_current: BLS verify cold n=10          x1 mean 1229927 min 1229927 max 1229927 us
46-rv32-copy,bench nutroot current opt=95,False,BLS verify warm n=10,4,965599,965159,966401,,,I (60175) nutroot_current: BLS verify warm n=10          x4 mean 965599 min 965159 max 966401 us
46-rv32-copy,bench nutroot current opt=95,False,recover+sign separate n=10,3,639906,637497,644324,,,I (62100) nutroot_current: recover+sign separate n=10    x3 mean 639906 min 637497 max 644324 us
46-rv32-copy,bench nutroot current opt=95,False,recover+sign retained n=10,3,441368,439712,443956,,,I (63571) nutroot_current: recover+sign retained n=10    x3 mean 441368 min 439712 max 443956 us
46-rv32-copy,bench nutroot current opt=95,False,current witnesses n=10,3,141121,140380,142357,,,I (64000) nutroot_current: current witnesses n=10        x3 mean 141121 min 140380 max 142357 us
46-rv32-copy,bench nutroot current opt=95,False,commitments individual n=10,3,115363,115352,115370,,,I (64353) nutroot_current: commitments individual n=10   x3 mean 115363 min 115352 max 115370 us
46-rv32-copy,bench nutroot current opt=95,False,commitments batch n=10,3,82143,82055,82306,,,I (64606) nutroot_current: commitments batch n=10        x3 mean 82143 min 82055 max 82306 us
46-rv32-copy,bench nutroot current opt=95,False,commitments API n=10,3,82758,82728,82789,,,I (64859) nutroot_current: commitments API n=10          x3 mean 82758 min 82728 max 82789 us
46-rv32-copy,bench nutroot current opt=95,False,blind fresh secrets n=10,1,320931,320931,320931,,,I (65265) nutroot_current: blind fresh secrets n=10      x1 mean 320931 min 320931 max 320931 us
46-rv32-copy,bench nutroot current opt=95,False,blind cached secrets n=10,3,209636,209561,209786,,,I (65900) nutroot_current: blind cached secrets n=10     x3 mean 209636 min 209561 max 209786 us
46-rv32-copy,bench nutroot current opt=95,False,unblind+verify separate n=10,3,1295135,1294243,1295884,,,I (69792) nutroot_current: unblind+verify separate n=10  x3 mean 1295135 min 1294243 max 1295884 us
46-rv32-copy,bench nutroot current opt=95,False,unblind+verify retained n=10,3,1181716,1181074,1182103,,,I (73344) nutroot_current: unblind+verify retained n=10  x3 mean 1181716 min 1181074 max 1182103 us
46-rv32-copy,bench nutroot current opt=95,False,unblind+verify batch inverse,3,1181522,1181284,1181988,,,I (76895) nutroot_current: unblind+verify batch inverse  x3 mean 1181522 min 1181284 max 1181988 us
46-rv32-copy,bench nutroot current opt=95,False,KDF cached prefix n=10,3,1075,1064,1096,,,I (76905) nutroot_current: KDF cached prefix n=10        x3 mean 1075 min 1064 max 1096 us
46-rv32-copy,bench nutroot current opt=95,False,KDF new context n=10,3,1529,1525,1539,,,I (76915) nutroot_current: KDF new context n=10          x3 mean 1529 min 1525 max 1539 us
46-rv32-copy,bench nutroot current opt=95,False,prepare fresh outputs n=10,3,409232,409222,409248,,,I (78149) nutroot_current: prepare fresh outputs n=10    x3 mean 409232 min 409222 max 409248 us
46-rv32-copy,bench nutroot current opt=95,False,read prepared outputs n=10,3,12,12,14,,,I (78156) nutroot_current: read prepared outputs n=10    x3 mean 12 min 12 max 14 us
46-rv32-copy,bench nutroot current opt=95,False,NUMS offset verify,5,9577,9522,9793,,,I (78212) nutroot_current: NUMS offset verify            x5 mean 9577 min 9522 max 9793 us
46-rv32-copy,bench nutroot current opt=95,False,leaf slot match at 120,2,1021032,1021000,1021065,,,I (80285) nutroot_current: leaf slot match at 120        x2 mean 1021032 min 1021000 max 1021065 us
46-rv32-copy,bench nutroot current opt=95,False,blst SHA256 33B x100,3,1531,1507,1580,,,I (80295) nutroot_current: blst SHA256 33B x100          x3 mean 1531 min 1507 max 1580 us
46-rv32-copy,bench nutroot current opt=95,False,IDF SHA256 33B x100,3,1813,1804,1833,,,I (80305) nutroot_current: IDF SHA256 33B x100           x3 mean 1813 min 1804 max 1833 us
46-rv32-copy,bench nutroot current opt=95,False,blst SHA256 1KiB x100,3,6871,6864,6885,,,I (80330) nutroot_current: blst SHA256 1KiB x100         x3 mean 6871 min 6864 max 6885 us
46-rv32-copy,bench nutroot current opt=95,False,IDF SHA256 1KiB x100,3,3957,3928,4016,,,I (80347) nutroot_current: IDF SHA256 1KiB x100          x3 mean 3957 min 3928 max 4016 us
46-rv32-copy,bench nutroot current opt=95,False,BLS Fp2 multiply x100,3,1852,1849,1859,,,I (80524) nutroot_current: BLS Fp2 multiply x100         x3 mean 1852 min 1849 max 1859 us
46-rv32-copy,bench nutroot current opt=95,False,BLS Fp2 square x100,3,1402,1397,1412,,,I (80534) nutroot_current: BLS Fp2 square x100           x3 mean 1402 min 1397 max 1412 us
46-rv32-copy,bench nutroot current opt=95,False,BLS Fp2 inverse x100,3,111927,111828,112125,,,I (80874) nutroot_current: BLS Fp2 inverse x100          x3 mean 111927 min 111828 max 112125 us
46-rv32-copy,bench nutroot current opt=95,False,BLS cyclotomic square x100,3,24506,24456,24602,,,I (80953) nutroot_current: BLS cyclotomic square x100    x3 mean 24506 min 24456 max 24602 us
46-rv32-copy,bench nutroot current opt=95,False,BLS final exponent,5,99875,99814,99958,,,I (81459) nutroot_current: BLS final exponent            x5 mean 99875 min 99814 max 99958 us
46-rv32-copy,bench nutroot current opt=95,False,secp field mul x1000,3,9394,9390,9402,,,I (81552) nutroot_current: secp field mul x1000          x3 mean 9394 min 9390 max 9402 us
46-rv32-copy,bench nutroot current opt=95,False,secp field square x1000,3,5843,5815,5900,,,I (81574) nutroot_current: secp field square x1000       x3 mean 5843 min 5815 max 5900 us
46-rv32-copy,bench nutroot current opt=95,False,MPI secp field mul x1000,3,14044,14030,14073,,,I (81622) nutroot_current: MPI secp field mul x1000      x3 mean 14044 min 14030 max 14073 us
46-rv32-copy,bench nutroot current opt=95,False,MPI secp field square x1000,3,14032,14030,14038,,,I (81680) nutroot_current: MPI secp field square x1000   x3 mean 14032 min 14030 max 14038 us
46-rv32-copy,bench nutroot current opt=95,False,secp scalar mul x1000,3,11076,11026,11176,,,I (81726) nutroot_current: secp scalar mul x1000         x3 mean 11076 min 11026 max 11176 us
46-rv32-copy,bench nutroot current opt=95,False,MPI raw 256-bit x1000,3,6093,6092,6097,,,I (81751) nutroot_current: MPI raw 256-bit x1000         x3 mean 6093 min 6092 max 6097 us
46-rv32-copy,bench nutroot current opt=95,False,MPI raw 384-bit x1000,3,9779,9778,9783,,,I (81785) nutroot_current: MPI raw 384-bit x1000         x3 mean 9779 min 9778 max 9783 us
46-rv32-copy,bench nutroot current opt=95,False,MPI raw 768-bit x1000,3,25647,25647,25648,,,I (81867) nutroot_current: MPI raw 768-bit x1000         x3 mean 25647 min 25647 max 25648 us
46-rv32-copy,bench nutroot current opt=95,False,MPI raw 1152-bit x1000,3,48791,48787,48799,,,I (82018) nutroot_current: MPI raw 1152-bit x1000        x3 mean 48791 min 48787 max 48799 us
46-rv32-copy,bench nutroot current opt=95,False,MPI raw 1536-bit x1000,3,79209,79206,79215,,,I (82262) nutroot_current: MPI raw 1536-bit x1000        x3 mean 79209 min 79206 max 79215 us
46-rv32-copy,bench contend 8047,False,scale cold,1,2252329,,,,0,I (85612) bls_test: scale cold sample=0 time=2252329 us valid=1
46-rv32-copy,bench contend 8047,False,scale warm,1,1704831,,,,1,I (87319) bls_test: scale warm sample=1 time=1704831 us valid=1
46-rv32-copy,bench contend 8047,False,scale warm,1,1704862,,,,2,I (89026) bls_test: scale warm sample=2 time=1704862 us valid=1
47-cache-admission,bench scale 8047 11 33 10 3,True,scale cold,1,2281118,,,,0,I (29216) bls_test: scale cold sample=0 time=2281118 us valid=1
47-cache-admission,bench scale 8047 11 33 10 3,True,scale warm,1,1738170,,,,1,I (30957) bls_test: scale warm sample=1 time=1738170 us valid=1
47-cache-admission,bench scale 8047 11 33 10 3,True,scale warm,1,1752831,,,,2,I (32712) bls_test: scale warm sample=2 time=1752831 us valid=1
47-cache-admission,bench scale 8047 11 33 10 3,True,scale warm,1,1739134,,,,3,I (34454) bls_test: scale warm sample=3 time=1739134 us valid=1
47-cache-admission,bench scale 8047 11 64 10 3,True,scale cold,1,3562235,,,,0,I (41815) bls_test: scale cold sample=0 time=3562235 us valid=1
47-cache-admission,bench scale 8047 11 64 10 3,True,scale warm,1,3018202,,,,1,I (44836) bls_test: scale warm sample=1 time=3018202 us valid=1
47-cache-admission,bench scale 8047 11 64 10 3,True,scale warm,1,3018232,,,,2,I (47857) bls_test: scale warm sample=2 time=3018232 us valid=1
47-cache-admission,bench scale 8047 11 64 10 3,True,scale warm,1,3018252,,,,3,I (50878) bls_test: scale warm sample=3 time=3018252 us valid=1
48-sized-workspace,bench mpi 14927,True,mpi unchained x1000,3,6750,,,,,I (16636) bls_test: mpi unchained x1000      x3       6750 us/op
48-sized-workspace,bench mpi 14927,True,mpi chained x1000,3,6754,,,,,I (16661) bls_test: mpi chained x1000        x3       6754 us/op
48-sized-workspace,bench mpi 14927,True,suite_verify cold n=10,1,1228938,,,,,"I (18709) bls_test: suite_verify cold n=10: 1228938 us, valid=1"
48-sized-workspace,bench mpi 14927,True,suite_verify n=10 dk,2,964045,,,,,I (20652) bls_test: suite_verify n=10 dk     x2     964045 us/op
48-sized-workspace,bench mpi 14927,True,swap crypto n=10 dk,2,2527329,,,,,I (25711) bls_test: swap crypto n=10 dk      x2    2527329 us/op
48-sized-workspace,bench verify 8047 11,True,suite_verify cold n=10,1,1228879,,,,,"I (27781) bls_test: suite_verify cold n=10: 1228879 us, valid=1"
48-sized-workspace,bench verify 8047 11,True,suite_verify n=10 dk,2,964056,,,,,I (29724) bls_test: suite_verify n=10 dk     x2     964056 us/op
48-sized-workspace,bench verify 8047 11,True,swap crypto n=10 dk,2,2537514,,,,,I (34803) bls_test: swap crypto n=10 dk      x2    2537514 us/op
48-sized-workspace,bench mpi 31311,True,mpi unchained x1000,3,6863,,,,,I (35294) bls_test: mpi unchained x1000      x3       6863 us/op
48-sized-workspace,bench mpi 31311,True,mpi chained x1000,3,6875,,,,,I (35319) bls_test: mpi chained x1000        x3       6875 us/op
48-sized-workspace,bench mpi 31311,True,suite_verify cold n=10,1,971609,,,,,"I (37120) bls_test: suite_verify cold n=10: 971609 us, valid=1"
48-sized-workspace,bench mpi 31311,True,suite_verify n=10 dk,2,971713,,,,,I (39077) bls_test: suite_verify n=10 dk     x2     971713 us/op
48-sized-workspace,bench mpi 31311,True,swap crypto n=10 dk,2,2492715,,,,,I (44067) bls_test: swap crypto n=10 dk      x2    2492715 us/op
48-sized-workspace,bench verify 8047 11,True,suite_verify cold n=10,1,1237792,,,,,"I (46146) bls_test: suite_verify cold n=10: 1237792 us, valid=1"
48-sized-workspace,bench verify 8047 11,True,suite_verify n=10 dk,2,971637,,,,,I (48103) bls_test: suite_verify n=10 dk     x2     971637 us/op
48-sized-workspace,bench verify 8047 11,True,swap crypto n=10 dk,2,2548593,,,,,I (53204) bls_test: swap crypto n=10 dk      x2    2548593 us/op
48-sized-workspace,bench nutroot current opt=95,True,BLS verify cold n=10,1,1239430,1239430,1239430,,,I (65650) nutroot_current: BLS verify cold n=10          x1 mean 1239430 min 1239430 max 1239430 us
48-sized-workspace,bench nutroot current opt=95,True,BLS verify warm n=10,4,973790,973540,974519,,,I (69552) nutroot_current: BLS verify warm n=10          x4 mean 973790 min 973540 max 974519 us
48-sized-workspace,bench nutroot current opt=95,True,recover+sign separate n=10,3,637475,637443,637504,,,I (71470) nutroot_current: recover+sign separate n=10    x3 mean 637475 min 637443 max 637504 us
48-sized-workspace,bench nutroot current opt=95,True,recover+sign retained n=10,3,438592,438512,438680,,,I (72931) nutroot_current: recover+sign retained n=10    x3 mean 438592 min 438512 max 438680 us
48-sized-workspace,bench nutroot current opt=95,True,current witnesses n=10,3,140374,140249,140518,,,I (73358) nutroot_current: current witnesses n=10        x3 mean 140374 min 140249 max 140518 us
48-sized-workspace,bench nutroot current opt=95,True,commitments individual n=10,3,115324,115307,115354,,,I (73711) nutroot_current: commitments individual n=10   x3 mean 115324 min 115307 max 115354 us
48-sized-workspace,bench nutroot current opt=95,True,commitments batch n=10,3,81855,81764,82012,,,I (73962) nutroot_current: commitments batch n=10        x3 mean 81855 min 81764 max 82012 us
48-sized-workspace,bench nutroot current opt=95,True,commitments API n=10,3,82468,82419,82537,,,I (74215) nutroot_current: commitments API n=10          x3 mean 82468 min 82419 max 82537 us
48-sized-workspace,bench nutroot current opt=95,True,blind fresh secrets n=10,1,324261,324261,324261,,,I (74624) nutroot_current: blind fresh secrets n=10      x1 mean 324261 min 324261 max 324261 us
48-sized-workspace,bench nutroot current opt=95,True,blind cached secrets n=10,3,211888,211861,211935,,,I (75265) nutroot_current: blind cached secrets n=10     x3 mean 211888 min 211861 max 211935 us
48-sized-workspace,bench nutroot current opt=95,True,unblind+verify separate n=10,3,1306430,1306032,1307030,,,I (79191) nutroot_current: unblind+verify separate n=10  x3 mean 1306430 min 1306032 max 1307030 us
48-sized-workspace,bench nutroot current opt=95,True,unblind+verify retained n=10,3,1191287,1191003,1191851,,,I (82771) nutroot_current: unblind+verify retained n=10  x3 mean 1191287 min 1191003 max 1191851 us
48-sized-workspace,bench nutroot current opt=95,True,unblind+verify batch inverse,3,1191159,1190802,1191802,,,I (86349) nutroot_current: unblind+verify batch inverse  x3 mean 1191159 min 1190802 max 1191802 us
48-sized-workspace,bench nutroot current opt=95,True,KDF cached prefix n=10,3,1110,1064,1173,,,I (86359) nutroot_current: KDF cached prefix n=10        x3 mean 1110 min 1064 max 1173 us
48-sized-workspace,bench nutroot current opt=95,True,KDF new context n=10,3,1541,1525,1574,,,I (86369) nutroot_current: KDF new context n=10          x3 mean 1541 min 1525 max 1574 us
48-sized-workspace,bench nutroot current opt=95,True,prepare fresh outputs n=10,3,412279,412144,412417,,,I (87612) nutroot_current: prepare fresh outputs n=10    x3 mean 412279 min 412144 max 412417 us
48-sized-workspace,bench nutroot current opt=95,True,read prepared outputs n=10,3,12,12,14,,,I (87619) nutroot_current: read prepared outputs n=10    x3 mean 12 min 12 max 14 us
48-sized-workspace,bench nutroot current opt=95,True,NUMS offset verify,5,9589,9533,9803,,,I (87675) nutroot_current: NUMS offset verify            x5 mean 9589 min 9533 max 9803 us
48-sized-workspace,bench nutroot current opt=95,True,leaf slot match at 120,2,1021101,1020999,1021204,,,I (89748) nutroot_current: leaf slot match at 120        x2 mean 1021101 min 1020999 max 1021204 us
48-sized-workspace,bench nutroot current opt=95,True,blst SHA256 33B x100,3,1528,1506,1574,,,I (89758) nutroot_current: blst SHA256 33B x100          x3 mean 1528 min 1506 max 1574 us
48-sized-workspace,bench nutroot current opt=95,True,IDF SHA256 33B x100,3,1813,1804,1833,,,I (89768) nutroot_current: IDF SHA256 33B x100           x3 mean 1813 min 1804 max 1833 us
48-sized-workspace,bench nutroot current opt=95,True,blst SHA256 1KiB x100,3,6876,6864,6901,,,I (89793) nutroot_current: blst SHA256 1KiB x100         x3 mean 6876 min 6864 max 6901 us
48-sized-workspace,bench nutroot current opt=95,True,IDF SHA256 1KiB x100,3,3959,3928,4022,,,I (89809) nutroot_current: IDF SHA256 1KiB x100          x3 mean 3959 min 3928 max 4022 us
48-sized-workspace,bench nutroot current opt=95,True,BLS Fp2 multiply x100,3,1863,1860,1871,,,I (89986) nutroot_current: BLS Fp2 multiply x100         x3 mean 1863 min 1860 max 1871 us
48-sized-workspace,bench nutroot current opt=95,True,BLS Fp2 square x100,3,1407,1405,1411,,,I (89996) nutroot_current: BLS Fp2 square x100           x3 mean 1407 min 1405 max 1411 us
48-sized-workspace,bench nutroot current opt=95,True,BLS Fp2 inverse x100,3,111989,111892,112185,,,I (90337) nutroot_current: BLS Fp2 inverse x100          x3 mean 111989 min 111892 max 112185 us
48-sized-workspace,bench nutroot current opt=95,True,BLS cyclotomic square x100,3,24631,24540,24806,,,I (90417) nutroot_current: BLS cyclotomic square x100    x3 mean 24631 min 24540 max 24806 us
48-sized-workspace,bench nutroot current opt=95,True,BLS final exponent,5,100220,100184,100319,,,I (90928) nutroot_current: BLS final exponent            x5 mean 100220 min 100184 max 100319 us
48-sized-workspace,bench nutroot current opt=95,True,secp field mul x1000,3,9393,9390,9401,,,I (91021) nutroot_current: secp field mul x1000          x3 mean 9393 min 9390 max 9401 us
48-sized-workspace,bench nutroot current opt=95,True,secp field square x1000,3,5841,5815,5894,,,I (91043) nutroot_current: secp field square x1000       x3 mean 5841 min 5815 max 5894 us
48-sized-workspace,bench nutroot current opt=95,True,MPI secp field mul x1000,3,14042,14029,14068,,,I (91092) nutroot_current: MPI secp field mul x1000      x3 mean 14042 min 14029 max 14068 us
48-sized-workspace,bench nutroot current opt=95,True,MPI secp field square x1000,3,14032,14030,14037,,,I (91150) nutroot_current: MPI secp field square x1000   x3 mean 14032 min 14030 max 14037 us
48-sized-workspace,bench nutroot current opt=95,True,secp scalar mul x1000,3,11074,11025,11171,,,I (91195) nutroot_current: secp scalar mul x1000         x3 mean 11074 min 11025 max 11171 us
48-sized-workspace,bench nutroot current opt=95,True,MPI raw 256-bit x1000,3,6093,6092,6095,,,I (91220) nutroot_current: MPI raw 256-bit x1000         x3 mean 6093 min 6092 max 6095 us
48-sized-workspace,bench nutroot current opt=95,True,MPI raw 384-bit x1000,3,9777,9776,9778,,,I (91254) nutroot_current: MPI raw 384-bit x1000         x3 mean 9777 min 9776 max 9778 us
48-sized-workspace,bench nutroot current opt=95,True,MPI raw 768-bit x1000,3,25646,25646,25648,,,I (91336) nutroot_current: MPI raw 768-bit x1000         x3 mean 25646 min 25646 max 25648 us
48-sized-workspace,bench nutroot current opt=95,True,MPI raw 1152-bit x1000,3,48889,48787,48982,,,I (91488) nutroot_current: MPI raw 1152-bit x1000        x3 mean 48889 min 48787 max 48982 us
48-sized-workspace,bench nutroot current opt=95,True,MPI raw 1536-bit x1000,3,79693,79215,80096,,,I (91733) nutroot_current: MPI raw 1536-bit x1000        x3 mean 79693 min 79215 max 80096 us
48-sized-workspace,bench scale 8047 11 64 10 3,True,scale cold,1,3553348,,,,0,I (97512) bls_test: scale cold sample=0 time=3553348 us valid=1
48-sized-workspace,bench scale 8047 11 64 10 3,True,scale warm,1,3003453,,,,1,I (100518) bls_test: scale warm sample=1 time=3003453 us valid=1
48-sized-workspace,bench scale 8047 11 64 10 3,True,scale warm,1,3003445,,,,2,I (103524) bls_test: scale warm sample=2 time=3003445 us valid=1
48-sized-workspace,bench scale 8047 11 64 10 3,True,scale warm,1,3003456,,,,3,I (106530) bls_test: scale warm sample=3 time=3003456 us valid=1
48-sized-workspace,bench contend 8047,True,scale cold,1,2272999,,,,0,I (112899) bls_test: scale cold sample=0 time=2272999 us valid=1
48-sized-workspace,bench contend 8047,True,scale warm,1,1721559,,,,1,I (114622) bls_test: scale warm sample=1 time=1721559 us valid=1
48-sized-workspace,bench contend 8047,True,scale warm,1,1721351,,,,2,I (116346) bls_test: scale warm sample=2 time=1721351 us valid=1
49-hot-cache64,bench verify 8047 11,True,suite_verify cold n=10,1,1231297,,,,,"I (28024) bls_test: suite_verify cold n=10: 1231297 us, valid=1"
49-hot-cache64,bench verify 8047 11,True,suite_verify n=10 dk,2,966326,,,,,I (29971) bls_test: suite_verify n=10 dk     x2     966326 us/op
49-hot-cache64,bench verify 8047 11,True,swap crypto n=10 dk,2,2544563,,,,,I (35064) bls_test: swap crypto n=10 dk      x2    2544563 us/op
49-hot-cache64,bench nutroot current opt=95,True,BLS verify cold n=10,1,1232693,1232693,1232693,,,I (37870) nutroot_current: BLS verify cold n=10          x1 mean 1232693 min 1232693 max 1232693 us
49-hot-cache64,bench nutroot current opt=95,True,BLS verify warm n=10,4,968023,967860,968096,,,I (41751) nutroot_current: BLS verify warm n=10          x4 mean 968023 min 967860 max 968096 us
49-hot-cache64,bench nutroot current opt=95,True,recover+sign separate n=10,3,638484,638310,638678,,,I (43672) nutroot_current: recover+sign separate n=10    x3 mean 638484 min 638310 max 638678 us
49-hot-cache64,bench nutroot current opt=95,True,recover+sign retained n=10,3,439989,439920,440068,,,I (45139) nutroot_current: recover+sign retained n=10    x3 mean 439989 min 439920 max 440068 us
49-hot-cache64,bench nutroot current opt=95,True,current witnesses n=10,3,141005,140910,141139,,,I (45568) nutroot_current: current witnesses n=10        x3 mean 141005 min 140910 max 141139 us
49-hot-cache64,bench nutroot current opt=95,True,commitments individual n=10,3,115275,115257,115312,,,I (45921) nutroot_current: commitments individual n=10   x3 mean 115275 min 115257 max 115312 us
49-hot-cache64,bench nutroot current opt=95,True,commitments batch n=10,3,82281,82195,82374,,,I (46174) nutroot_current: commitments batch n=10        x3 mean 82281 min 82195 max 82374 us
49-hot-cache64,bench nutroot current opt=95,True,commitments API n=10,3,82967,82856,83186,,,I (46428) nutroot_current: commitments API n=10          x3 mean 82967 min 82856 max 83186 us
49-hot-cache64,bench nutroot current opt=95,True,blind fresh secrets n=10,1,322568,322568,322568,,,I (46836) nutroot_current: blind fresh secrets n=10      x1 mean 322568 min 322568 max 322568 us
49-hot-cache64,bench nutroot current opt=95,True,blind cached secrets n=10,3,210929,210853,211013,,,I (47474) nutroot_current: blind cached secrets n=10     x3 mean 210929 min 210853 max 211013 us
49-hot-cache64,bench nutroot current opt=95,True,unblind+verify separate n=10,3,1298702,1298652,1298730,,,I (51375) nutroot_current: unblind+verify separate n=10  x3 mean 1298702 min 1298652 max 1298730 us
49-hot-cache64,bench nutroot current opt=95,True,unblind+verify retained n=10,3,1185549,1185455,1185636,,,I (54937) nutroot_current: unblind+verify retained n=10  x3 mean 1185549 min 1185455 max 1185636 us
49-hot-cache64,bench nutroot current opt=95,True,unblind+verify batch inverse,3,1185399,1185230,1185596,,,I (58499) nutroot_current: unblind+verify batch inverse  x3 mean 1185399 min 1185230 max 1185596 us
49-hot-cache64,bench nutroot current opt=95,True,KDF cached prefix n=10,3,1098,1088,1118,,,I (58509) nutroot_current: KDF cached prefix n=10        x3 mean 1098 min 1088 max 1118 us
49-hot-cache64,bench nutroot current opt=95,True,KDF new context n=10,3,1583,1576,1597,,,I (58519) nutroot_current: KDF new context n=10          x3 mean 1583 min 1576 max 1597 us
49-hot-cache64,bench nutroot current opt=95,True,prepare fresh outputs n=10,3,410739,410622,410862,,,I (59756) nutroot_current: prepare fresh outputs n=10    x3 mean 410739 min 410622 max 410862 us
49-hot-cache64,bench nutroot current opt=95,True,read prepared outputs n=10,3,14,12,20,,,I (59763) nutroot_current: read prepared outputs n=10    x3 mean 14 min 12 max 20 us
49-hot-cache64,bench nutroot current opt=95,True,NUMS offset verify,5,9730,9688,9880,,,I (59819) nutroot_current: NUMS offset verify            x5 mean 9730 min 9688 max 9880 us
49-hot-cache64,bench nutroot current opt=95,True,leaf slot match at 120,2,1037546,1034093,1041000,,,I (61925) nutroot_current: leaf slot match at 120        x2 mean 1037546 min 1034093 max 1041000 us
49-hot-cache64,bench nutroot current opt=95,True,blst SHA256 33B x100,3,1526,1506,1567,,,I (61935) nutroot_current: blst SHA256 33B x100          x3 mean 1526 min 1506 max 1567 us
49-hot-cache64,bench nutroot current opt=95,True,IDF SHA256 33B x100,3,1889,1880,1909,,,I (61945) nutroot_current: IDF SHA256 33B x100           x3 mean 1889 min 1880 max 1909 us
49-hot-cache64,bench nutroot current opt=95,True,blst SHA256 1KiB x100,3,6855,6844,6879,,,I (61970) nutroot_current: blst SHA256 1KiB x100         x3 mean 6855 min 6844 max 6879 us
49-hot-cache64,bench nutroot current opt=95,True,IDF SHA256 1KiB x100,3,4040,4019,4083,,,I (61989) nutroot_current: IDF SHA256 1KiB x100          x3 mean 4040 min 4019 max 4083 us
49-hot-cache64,bench nutroot current opt=95,True,BLS Fp2 multiply x100,3,1853,1850,1860,,,I (62168) nutroot_current: BLS Fp2 multiply x100         x3 mean 1853 min 1850 max 1860 us
49-hot-cache64,bench nutroot current opt=95,True,BLS Fp2 square x100,3,1400,1396,1408,,,I (62178) nutroot_current: BLS Fp2 square x100           x3 mean 1400 min 1396 max 1408 us
49-hot-cache64,bench nutroot current opt=95,True,BLS Fp2 inverse x100,3,110485,110245,110637,,,I (62515) nutroot_current: BLS Fp2 inverse x100          x3 mean 110485 min 110245 max 110637 us
49-hot-cache64,bench nutroot current opt=95,True,BLS cyclotomic square x100,3,24489,24433,24601,,,I (62594) nutroot_current: BLS cyclotomic square x100    x3 mean 24489 min 24433 max 24601 us
49-hot-cache64,bench nutroot current opt=95,True,BLS final exponent,5,100046,99699,100529,,,I (63102) nutroot_current: BLS final exponent            x5 mean 100046 min 99699 max 100529 us
49-hot-cache64,bench nutroot current opt=95,True,secp field mul x1000,3,9406,9402,9413,,,I (63195) nutroot_current: secp field mul x1000          x3 mean 9406 min 9402 max 9413 us
49-hot-cache64,bench nutroot current opt=95,True,secp field square x1000,3,5855,5828,5908,,,I (63217) nutroot_current: secp field square x1000       x3 mean 5855 min 5828 max 5908 us
49-hot-cache64,bench nutroot current opt=95,True,MPI secp field mul x1000,3,14047,14030,14082,,,I (63266) nutroot_current: MPI secp field mul x1000      x3 mean 14047 min 14030 max 14082 us
49-hot-cache64,bench nutroot current opt=95,True,MPI secp field square x1000,3,14062,14030,14100,,,I (63324) nutroot_current: MPI secp field square x1000   x3 mean 14062 min 14030 max 14100 us
49-hot-cache64,bench nutroot current opt=95,True,secp scalar mul x1000,3,11116,11024,11169,,,I (63370) nutroot_current: secp scalar mul x1000         x3 mean 11116 min 11024 max 11169 us
49-hot-cache64,bench nutroot current opt=95,True,MPI raw 256-bit x1000,3,6080,6079,6081,,,I (63395) nutroot_current: MPI raw 256-bit x1000         x3 mean 6080 min 6079 max 6081 us
49-hot-cache64,bench nutroot current opt=95,True,MPI raw 384-bit x1000,3,9763,9762,9767,,,I (63429) nutroot_current: MPI raw 384-bit x1000         x3 mean 9763 min 9762 max 9767 us
49-hot-cache64,bench nutroot current opt=95,True,MPI raw 768-bit x1000,3,25646,25646,25647,,,I (63511) nutroot_current: MPI raw 768-bit x1000         x3 mean 25646 min 25646 max 25647 us
49-hot-cache64,bench nutroot current opt=95,True,MPI raw 1152-bit x1000,3,48792,48788,48801,,,I (63663) nutroot_current: MPI raw 1152-bit x1000        x3 mean 48792 min 48788 max 48801 us
49-hot-cache64,bench nutroot current opt=95,True,MPI raw 1536-bit x1000,3,79732,79206,80776,,,I (63909) nutroot_current: MPI raw 1536-bit x1000        x3 mean 79732 min 79206 max 80776 us
49-hot-cache64,bench scale 8047 11 32 10 3,True,scale cold,1,2253214,,,,0,I (67254) bls_test: scale cold sample=0 time=2253214 us valid=1
49-hot-cache64,bench scale 8047 11 32 10 3,True,scale warm,1,1705790,,,,1,I (68962) bls_test: scale warm sample=1 time=1705790 us valid=1
49-hot-cache64,bench scale 8047 11 32 10 3,True,scale warm,1,1705975,,,,2,I (70670) bls_test: scale warm sample=2 time=1705975 us valid=1
49-hot-cache64,bench scale 8047 11 32 10 3,True,scale warm,1,1705932,,,,3,I (72378) bls_test: scale warm sample=3 time=1705932 us valid=1
49-hot-cache64,bench scale 8047 11 64 10 3,True,scale cold,1,3570816,,,,0,I (79732) bls_test: scale cold sample=0 time=3570816 us valid=1
49-hot-cache64,bench scale 8047 11 64 10 3,True,scale warm,1,2622470,,,,1,I (82357) bls_test: scale warm sample=1 time=2622470 us valid=1
49-hot-cache64,bench scale 8047 11 64 10 3,True,scale warm,1,2622386,,,,2,I (84982) bls_test: scale warm sample=2 time=2622386 us valid=1
49-hot-cache64,bench scale 8047 11 64 10 3,True,scale warm,1,2624548,,,,3,I (87609) bls_test: scale warm sample=3 time=2624548 us valid=1
49-hot-cache64,bench contend 8047,True,scale cold,1,2266166,,,,0,I (93566) bls_test: scale cold sample=0 time=2266166 us valid=1
49-hot-cache64,bench contend 8047,True,scale warm,1,1707908,,,,1,I (95276) bls_test: scale warm sample=1 time=1707908 us valid=1
49-hot-cache64,bench contend 8047,True,scale warm,1,1706962,,,,2,I (96985) bls_test: scale warm sample=2 time=1706962 us valid=1
50-final,bench legacy 0,True,hash_to_curve,100,1341,,,,,I (26211) crypto_test: hash_to_curve x100: 1341 us/op
50-final,bench legacy 0,True,blind_message,50,10485,,,,,I (26739) crypto_test: blind_message x50: 10485 us/op
50-final,bench legacy 0,True,verify_dleq,50,49077,,,,,I (29198) crypto_test: verify_dleq   x50: 49077 us/op
50-final,bench legacy 1,True,hash_to_curve,100,1341,,,,,I (29487) crypto_test: hash_to_curve x100: 1341 us/op
50-final,bench legacy 1,True,blind_message,50,10474,,,,,I (30015) crypto_test: blind_message x50: 10474 us/op
50-final,bench legacy 1,True,verify_dleq,50,21304,,,,,I (31087) crypto_test: verify_dleq   x50: 21304 us/op
50-final,bench nutroot quick opt=0,True,keypair full scalar,8,8370,8096,,8216,,I (31330) nutroot: keypair full scalar      x8  mean     8370 med     8216 min     8096 us
50-final,bench nutroot quick opt=0,True,sign incl keypair,8,17245,17017,,17083,,I (31484) nutroot: sign incl keypair        x8  mean    17245 med    17083 min    17017 us
50-final,bench nutroot quick opt=0,True,sign retained keypair,8,8937,8772,,8772,,I (31567) nutroot: sign retained keypair    x8  mean     8937 med     8772 min     8772 us
50-final,bench nutroot quick opt=0,True,schnorr verify,8,15673,15422,,15535,,I (31705) nutroot: schnorr verify           x8  mean    15673 med    15535 min    15422 us
50-final,bench nutroot quick opt=0,True,ECDH full scalar,8,16472,16321,,16327,,I (31851) nutroot: ECDH full scalar         x8  mean    16472 med    16327 min    16321 us
50-final,bench nutroot quick opt=0,True,parse compressed key,8,705,617,,623,,I (31868) nutroot: parse compressed key     x8  mean      705 med      623 min      617 us
50-final,bench nutroot quick opt=0,True,threshold 2/3 c=5 b=0,3,100334,99999,,100002,,I (32354) nutroot: threshold 2/3 c=5 b=0    x3  mean   100334 med   100002 min    99999 us
50-final,bench nutroot quick opt=0,True,threshold 3/5 c=12 b=0,3,215918,215002,,215750,,I (33332) nutroot: threshold 3/5 c=12 b=0   x3  mean   215918 med   215750 min   215002 us
50-final,bench nutroot quick opt=0,True,threshold 8/15 c=92 b=0,3,1531093,1531002,,1531002,,I (39714) nutroot: threshold 8/15 c=92 b=0  x3  mean  1531093 med  1531002 min  1531002 us
50-final,bench nutroot quick opt=15,True,keypair full scalar,8,8132,8091,,8094,,I (39909) nutroot: keypair full scalar      x8  mean     8132 med     8094 min     8091 us
50-final,bench nutroot quick opt=15,True,sign incl keypair,8,17028,17018,,17020,,I (40062) nutroot: sign incl keypair        x8  mean    17028 med    17020 min    17018 us
50-final,bench nutroot quick opt=15,True,sign retained keypair,8,8777,8770,,8770,,I (40143) nutroot: sign retained keypair    x8  mean     8777 med     8770 min     8770 us
50-final,bench nutroot quick opt=15,True,schnorr verify,8,15500,15450,,15499,,I (40280) nutroot: schnorr verify           x8  mean    15500 med    15499 min    15450 us
50-final,bench nutroot quick opt=15,True,ECDH full scalar,8,16343,16319,,16324,,I (40425) nutroot: ECDH full scalar         x8  mean    16343 med    16324 min    16319 us
50-final,bench nutroot quick opt=15,True,parse compressed key,8,655,617,,617,,I (40443) nutroot: parse compressed key     x8  mean      655 med      617 min      617 us
50-final,bench nutroot quick opt=15,True,threshold 2/3 c=2 b=0,3,49084,49002,,49002,,I (40725) nutroot: threshold 2/3 c=2 b=0    x3  mean    49084 med    49002 min    49002 us
50-final,bench nutroot quick opt=15,True,threshold 3/5 c=3 b=0,3,67113,67002,,67002,,I (41113) nutroot: threshold 3/5 c=3 b=0    x3  mean    67113 med    67002 min    67002 us
50-final,bench nutroot quick opt=15,True,threshold 8/15 c=8 b=0,3,156077,156002,,156002,,I (42024) nutroot: threshold 8/15 c=8 b=0   x3  mean   156077 med   156002 min   156002 us
50-final,bench nutroot quick opt=95,True,keypair full scalar,8,8131,8091,,8094,,I (42241) nutroot: keypair full scalar      x8  mean     8131 med     8094 min     8091 us
50-final,bench nutroot quick opt=95,True,sign incl keypair,8,17058,17018,,17029,,I (42394) nutroot: sign incl keypair        x8  mean    17058 med    17029 min    17018 us
50-final,bench nutroot quick opt=95,True,sign retained keypair,8,8778,8770,,8770,,I (42476) nutroot: sign retained keypair    x8  mean     8778 med     8770 min     8770 us
50-final,bench nutroot quick opt=95,True,schnorr verify,8,15500,15449,,15499,,I (42613) nutroot: schnorr verify           x8  mean    15500 med    15499 min    15449 us
50-final,bench nutroot quick opt=95,True,ECDH full scalar,8,16333,16319,,16324,,I (42758) nutroot: ECDH full scalar         x8  mean    16333 med    16324 min    16319 us
50-final,bench nutroot quick opt=95,True,parse compressed key,8,655,617,,617,,I (42775) nutroot: parse compressed key     x8  mean      655 med      617 min      617 us
50-final,bench nutroot quick opt=95,True,threshold 2/3 c=2 b=0,3,49095,49002,,49002,,I (43057) nutroot: threshold 2/3 c=2 b=0    x3  mean    49095 med    49002 min    49002 us
50-final,bench nutroot quick opt=95,True,threshold 3/5 c=0 b=1,3,64946,64834,,65002,,I (43436) nutroot: threshold 3/5 c=0 b=1    x3  mean    64946 med    65002 min    64834 us
50-final,bench nutroot quick opt=95,True,threshold 8/15 c=0 b=1,3,138059,138002,,138002,,I (44278) nutroot: threshold 8/15 c=0 b=1   x3  mean   138059 med   138002 min   138002 us
50-final,bench verify 8047 11,True,suite_verify cold n=10,1,1225582,,,,,"I (46350) bls_test: suite_verify cold n=10: 1225582 us, valid=1"
50-final,bench verify 8047 11,True,suite_verify n=10 dk,2,961799,,,,,I (48287) bls_test: suite_verify n=10 dk     x2     961799 us/op
50-final,bench verify 8047 11,True,swap crypto n=10 dk,2,2527285,,,,,I (53346) bls_test: swap crypto n=10 dk      x2    2527285 us/op
50-final,bench nutroot current opt=95,True,BLS verify cold n=10,1,1226930,1226930,1226930,,,I (56153) nutroot_current: BLS verify cold n=10          x1 mean 1226930 min 1226930 max 1226930 us
50-final,bench nutroot current opt=95,True,BLS verify warm n=10,4,963551,963257,963690,,,I (60014) nutroot_current: BLS verify warm n=10          x4 mean 963551 min 963257 max 963690 us
50-final,bench nutroot current opt=95,True,BLS known keys fresh Y n=10,3,1081021,1076166,1088267,,,I (63263) nutroot_current: BLS known keys fresh Y n=10   x3 mean 1081021 min 1076166 max 1088267 us
50-final,bench nutroot current opt=95,True,recover+sign separate n=10,3,638651,637941,640034,,,I (65184) nutroot_current: recover+sign separate n=10    x3 mean 638651 min 637941 max 640034 us
50-final,bench nutroot current opt=95,True,recover+sign retained n=10,3,439814,439725,439879,,,I (66650) nutroot_current: recover+sign retained n=10    x3 mean 439814 min 439725 max 439879 us
50-final,bench nutroot current opt=95,True,current witnesses n=10,3,141093,140972,141254,,,I (67079) nutroot_current: current witnesses n=10        x3 mean 141093 min 140972 max 141254 us
50-final,bench nutroot current opt=95,True,commitments individual n=10,3,115630,115576,115731,,,I (67432) nutroot_current: commitments individual n=10   x3 mean 115630 min 115576 max 115731 us
50-final,bench nutroot current opt=95,True,commitments batch n=10,3,82463,82390,82588,,,I (67685) nutroot_current: commitments batch n=10        x3 mean 82463 min 82390 max 82588 us
50-final,bench nutroot current opt=95,True,commitments API n=10,3,83066,83007,83164,,,I (67941) nutroot_current: commitments API n=10          x3 mean 83066 min 83007 max 83164 us
50-final,bench nutroot current opt=95,True,blind fresh secrets n=10,1,322923,322923,322923,,,I (68349) nutroot_current: blind fresh secrets n=10      x1 mean 322923 min 322923 max 322923 us
50-final,bench nutroot current opt=95,True,blind cached secrets n=10,3,211207,211146,211330,,,I (68989) nutroot_current: blind cached secrets n=10     x3 mean 211207 min 211146 max 211330 us
50-final,bench nutroot current opt=95,True,unblind+verify separate n=10,3,1295220,1294927,1295375,,,I (72881) nutroot_current: unblind+verify separate n=10  x3 mean 1295220 min 1294927 max 1295375 us
50-final,bench nutroot current opt=95,True,unblind+verify retained n=10,3,1179967,1179790,1180129,,,I (76427) nutroot_current: unblind+verify retained n=10  x3 mean 1179967 min 1179790 max 1180129 us
50-final,bench nutroot current opt=95,True,unblind+verify batch inverse,3,1180140,1180090,1180178,,,I (79974) nutroot_current: unblind+verify batch inverse  x3 mean 1180140 min 1180090 max 1180178 us
50-final,bench nutroot current opt=95,True,KDF cached prefix n=10,3,1092,1082,1114,,,I (79984) nutroot_current: KDF cached prefix n=10        x3 mean 1092 min 1082 max 1114 us
50-final,bench nutroot current opt=95,True,KDF new context n=10,3,1577,1569,1593,,,I (79994) nutroot_current: KDF new context n=10          x3 mean 1577 min 1569 max 1593 us
50-final,bench nutroot current opt=95,True,prepare fresh outputs n=10,3,411066,410923,411200,,,I (81233) nutroot_current: prepare fresh outputs n=10    x3 mean 411066 min 410923 max 411200 us
50-final,bench nutroot current opt=95,True,read prepared outputs n=10,3,12,12,13,,,I (81240) nutroot_current: read prepared outputs n=10    x3 mean 12 min 12 max 13 us
50-final,bench nutroot current opt=95,True,NUMS offset verify,5,9733,9701,9858,,,I (81296) nutroot_current: NUMS offset verify            x5 mean 9733 min 9701 max 9858 us
50-final,bench nutroot current opt=95,True,leaf slot match at 120,2,1028036,1021072,1035000,,,I (83383) nutroot_current: leaf slot match at 120        x2 mean 1028036 min 1021072 max 1035000 us
50-final,bench nutroot current opt=95,True,blst SHA256 33B x100,3,1520,1496,1568,,,I (83393) nutroot_current: blst SHA256 33B x100          x3 mean 1520 min 1496 max 1568 us
50-final,bench nutroot current opt=95,True,IDF SHA256 33B x100,3,1885,1871,1913,,,I (83403) nutroot_current: IDF SHA256 33B x100           x3 mean 1885 min 1871 max 1913 us
50-final,bench nutroot current opt=95,True,blst SHA256 1KiB x100,3,6840,6827,6867,,,I (83428) nutroot_current: blst SHA256 1KiB x100         x3 mean 6840 min 6827 max 6867 us
50-final,bench nutroot current opt=95,True,IDF SHA256 1KiB x100,3,4020,3991,4078,,,I (83446) nutroot_current: IDF SHA256 1KiB x100          x3 mean 4020 min 3991 max 4078 us
50-final,bench nutroot current opt=95,True,BLS Fp2 multiply x100,3,1818,1815,1826,,,I (83621) nutroot_current: BLS Fp2 multiply x100         x3 mean 1818 min 1815 max 1826 us
50-final,bench nutroot current opt=95,True,BLS Fp2 square x100,3,1388,1384,1396,,,I (83631) nutroot_current: BLS Fp2 square x100           x3 mean 1388 min 1384 max 1396 us
50-final,bench nutroot current opt=95,True,BLS Fp2 inverse x100,3,109220,109121,109420,,,I (83965) nutroot_current: BLS Fp2 inverse x100          x3 mean 109220 min 109121 max 109420 us
50-final,bench nutroot current opt=95,True,BLS cyclotomic square x100,3,24381,24335,24473,,,I (84044) nutroot_current: BLS cyclotomic square x100    x3 mean 24381 min 24335 max 24473 us
50-final,bench nutroot current opt=95,True,BLS final exponent,5,99225,99163,99295,,,I (84550) nutroot_current: BLS final exponent            x5 mean 99225 min 99163 max 99295 us
50-final,bench nutroot current opt=95,True,secp field mul x1000,3,9407,9402,9417,,,I (84643) nutroot_current: secp field mul x1000          x3 mean 9407 min 9402 max 9417 us
50-final,bench nutroot current opt=95,True,secp field square x1000,3,5854,5828,5907,,,I (84665) nutroot_current: secp field square x1000       x3 mean 5854 min 5828 max 5907 us
50-final,bench nutroot current opt=95,True,MPI secp field mul x1000,3,14045,14030,14077,,,I (84714) nutroot_current: MPI secp field mul x1000      x3 mean 14045 min 14030 max 14077 us
50-final,bench nutroot current opt=95,True,MPI secp field square x1000,3,14038,14030,14054,,,I (84772) nutroot_current: MPI secp field square x1000   x3 mean 14038 min 14030 max 14054 us
50-final,bench nutroot current opt=95,True,secp scalar mul x1000,3,11069,11019,11170,,,I (84818) nutroot_current: secp scalar mul x1000         x3 mean 11069 min 11019 max 11170 us
50-final,bench nutroot current opt=95,True,MPI raw 256-bit x1000,3,6082,6080,6087,,,I (84843) nutroot_current: MPI raw 256-bit x1000         x3 mean 6082 min 6080 max 6087 us
50-final,bench nutroot current opt=95,True,MPI raw 384-bit x1000,3,9763,9761,9767,,,I (84877) nutroot_current: MPI raw 384-bit x1000         x3 mean 9763 min 9761 max 9767 us
50-final,bench nutroot current opt=95,True,MPI raw 768-bit x1000,3,25645,25644,25646,,,I (84959) nutroot_current: MPI raw 768-bit x1000         x3 mean 25645 min 25644 max 25646 us
50-final,bench nutroot current opt=95,True,MPI raw 1152-bit x1000,3,48787,48787,48789,,,I (85111) nutroot_current: MPI raw 1152-bit x1000        x3 mean 48787 min 48787 max 48789 us
50-final,bench nutroot current opt=95,True,MPI raw 1536-bit x1000,3,79232,79205,79275,,,I (85355) nutroot_current: MPI raw 1536-bit x1000        x3 mean 79232 min 79205 max 79275 us
50-final,bench scale 8047 11 1 1 5,True,scale cold,1,230448,,,,0,I (85689) bls_test: scale cold sample=0 time=230448 us valid=1
50-final,bench scale 8047 11 1 1 5,True,scale warm,1,204146,,,,1,I (85896) bls_test: scale warm sample=1 time=204146 us valid=1
50-final,bench scale 8047 11 1 1 5,True,scale warm,1,204145,,,,2,I (86102) bls_test: scale warm sample=2 time=204145 us valid=1
50-final,bench scale 8047 11 1 1 5,True,scale warm,1,204146,,,,3,I (86308) bls_test: scale warm sample=3 time=204146 us valid=1
50-final,bench scale 8047 11 1 1 5,True,scale warm,1,204342,,,,4,I (86514) bls_test: scale warm sample=4 time=204342 us valid=1
50-final,bench scale 8047 11 1 1 5,True,scale warm,1,204146,,,,5,I (86721) bls_test: scale warm sample=5 time=204146 us valid=1
50-final,bench scale 8047 11 2 2 5,True,scale cold,1,382853,,,,0,I (87436) bls_test: scale cold sample=0 time=382853 us valid=1
50-final,bench scale 8047 11 2 2 5,True,scale warm,1,330054,,,,1,I (87769) bls_test: scale warm sample=1 time=330054 us valid=1
50-final,bench scale 8047 11 2 2 5,True,scale warm,1,330054,,,,2,I (88101) bls_test: scale warm sample=2 time=330054 us valid=1
50-final,bench scale 8047 11 2 2 5,True,scale warm,1,330196,,,,3,I (88433) bls_test: scale warm sample=3 time=330196 us valid=1
50-final,bench scale 8047 11 2 2 5,True,scale warm,1,330062,,,,4,I (88765) bls_test: scale warm sample=4 time=330062 us valid=1
50-final,bench scale 8047 11 2 2 5,True,scale warm,1,330054,,,,5,I (89097) bls_test: scale warm sample=5 time=330054 us valid=1
50-final,bench scale 8047 11 4 4 5,True,scale cold,1,594072,,,,0,I (90195) bls_test: scale cold sample=0 time=594072 us valid=1
50-final,bench scale 8047 11 4 4 5,True,scale warm,1,489246,,,,1,I (90686) bls_test: scale warm sample=1 time=489246 us valid=1
50-final,bench scale 8047 11 4 4 5,True,scale warm,1,489101,,,,2,I (91178) bls_test: scale warm sample=2 time=489101 us valid=1
50-final,bench scale 8047 11 4 4 5,True,scale warm,1,494281,,,,3,I (91674) bls_test: scale warm sample=3 time=494281 us valid=1
50-final,bench scale 8047 11 4 4 5,True,scale warm,1,494200,,,,4,I (92171) bls_test: scale warm sample=4 time=494200 us valid=1
50-final,bench scale 8047 11 4 4 5,True,scale warm,1,492146,,,,5,I (92666) bls_test: scale warm sample=5 time=492146 us valid=1
50-final,bench scale 8047 11 8 8 5,True,scale cold,1,1020152,,,,0,I (94511) bls_test: scale cold sample=0 time=1020152 us valid=1
50-final,bench scale 8047 11 8 8 5,True,scale warm,1,806939,,,,1,I (95319) bls_test: scale warm sample=1 time=806939 us valid=1
50-final,bench scale 8047 11 8 8 5,True,scale warm,1,807951,,,,2,I (96129) bls_test: scale warm sample=2 time=807951 us valid=1
50-final,bench scale 8047 11 8 8 5,True,scale warm,1,807944,,,,3,I (96939) bls_test: scale warm sample=3 time=807944 us valid=1
50-final,bench scale 8047 11 8 8 5,True,scale warm,1,807108,,,,4,I (97749) bls_test: scale warm sample=4 time=807108 us valid=1
50-final,bench scale 8047 11 8 8 5,True,scale warm,1,807124,,,,5,I (98559) bls_test: scale warm sample=5 time=807124 us valid=1
50-final,bench scale 8047 11 10 10 5,True,scale cold,1,1227458,,,,0,I (100930) bls_test: scale cold sample=0 time=1227458 us valid=1
50-final,bench scale 8047 11 10 10 5,True,scale warm,1,963778,,,,1,I (101896) bls_test: scale warm sample=1 time=963778 us valid=1
50-final,bench scale 8047 11 10 10 5,True,scale warm,1,963803,,,,2,I (102862) bls_test: scale warm sample=2 time=963803 us valid=1
50-final,bench scale 8047 11 10 10 5,True,scale warm,1,963733,,,,3,I (103828) bls_test: scale warm sample=3 time=963733 us valid=1
50-final,bench scale 8047 11 10 10 5,True,scale warm,1,963747,,,,4,I (104794) bls_test: scale warm sample=4 time=963747 us valid=1
50-final,bench scale 8047 11 10 10 5,True,scale warm,1,963775,,,,5,I (105760) bls_test: scale warm sample=5 time=963775 us valid=1
50-final,bench scale 8047 11 16 10 5,True,scale cold,1,1569437,,,,0,I (108856) bls_test: scale cold sample=0 time=1569437 us valid=1
50-final,bench scale 8047 11 16 10 5,True,scale warm,1,1220185,,,,1,I (110079) bls_test: scale warm sample=1 time=1220185 us valid=1
50-final,bench scale 8047 11 16 10 5,True,scale warm,1,1220170,,,,2,I (111302) bls_test: scale warm sample=2 time=1220170 us valid=1
50-final,bench scale 8047 11 16 10 5,True,scale warm,1,1220393,,,,3,I (112524) bls_test: scale warm sample=3 time=1220393 us valid=1
50-final,bench scale 8047 11 16 10 5,True,scale warm,1,1220340,,,,4,I (113747) bls_test: scale warm sample=4 time=1220340 us valid=1
50-final,bench scale 8047 11 16 10 5,True,scale warm,1,1220409,,,,5,I (114970) bls_test: scale warm sample=5 time=1220409 us valid=1
50-final,bench scale 8047 11 32 10 5,True,scale cold,1,2248868,,,,0,I (119629) bls_test: scale cold sample=0 time=2248868 us valid=1
50-final,bench scale 8047 11 32 10 5,True,scale warm,1,1700187,,,,1,I (121332) bls_test: scale warm sample=1 time=1700187 us valid=1
50-final,bench scale 8047 11 32 10 5,True,scale warm,1,1717053,,,,2,I (123052) bls_test: scale warm sample=2 time=1717053 us valid=1
50-final,bench scale 8047 11 32 10 5,True,scale warm,1,1704453,,,,3,I (124758) bls_test: scale warm sample=3 time=1704453 us valid=1
50-final,bench scale 8047 11 32 10 5,True,scale warm,1,1701416,,,,4,I (126462) bls_test: scale warm sample=4 time=1701416 us valid=1
50-final,bench scale 8047 11 32 10 5,True,scale warm,1,1700187,,,,5,I (128165) bls_test: scale warm sample=5 time=1700187 us valid=1
50-final,bench scale 8047 11 64 10 5,True,scale cold,1,3566123,,,,0,I (135588) bls_test: scale cold sample=0 time=3566123 us valid=1
50-final,bench scale 8047 11 64 10 5,True,scale warm,1,2619813,,,,1,I (138209) bls_test: scale warm sample=1 time=2619813 us valid=1
50-final,bench scale 8047 11 64 10 5,True,scale warm,1,2620977,,,,2,I (140832) bls_test: scale warm sample=2 time=2620977 us valid=1
50-final,bench scale 8047 11 64 10 5,True,scale warm,1,2619987,,,,3,I (143454) bls_test: scale warm sample=3 time=2619987 us valid=1
50-final,bench scale 8047 11 64 10 5,True,scale warm,1,2619800,,,,4,I (146076) bls_test: scale warm sample=4 time=2619800 us valid=1
50-final,bench scale 8047 11 64 10 5,True,scale warm,1,2619987,,,,5,I (148698) bls_test: scale warm sample=5 time=2619987 us valid=1
50-final,bench scale 8047 11 10 1 5,True,scale cold,1,643144,,,,0,I (152336) bls_test: scale cold sample=0 time=643144 us valid=1
50-final,bench scale 8047 11 10 1 5,True,scale warm,1,499752,,,,1,I (152838) bls_test: scale warm sample=1 time=499752 us valid=1
50-final,bench scale 8047 11 10 1 5,True,scale warm,1,497157,,,,2,I (153338) bls_test: scale warm sample=2 time=497157 us valid=1
50-final,bench scale 8047 11 10 1 5,True,scale warm,1,499857,,,,3,I (153839) bls_test: scale warm sample=3 time=499857 us valid=1
50-final,bench scale 8047 11 10 1 5,True,scale warm,1,497017,,,,4,I (154339) bls_test: scale warm sample=4 time=497017 us valid=1
50-final,bench scale 8047 11 10 1 5,True,scale warm,1,497043,,,,5,I (154838) bls_test: scale warm sample=5 time=497043 us valid=1
50-final,bench scale 8047 11 10 3 5,True,scale cold,1,794160,,,,0,I (156556) bls_test: scale cold sample=0 time=794160 us valid=1
50-final,bench scale 8047 11 10 3 5,True,scale warm,1,625411,,,,1,I (157183) bls_test: scale warm sample=1 time=625411 us valid=1
50-final,bench scale 8047 11 10 3 5,True,scale warm,1,625458,,,,2,I (157811) bls_test: scale warm sample=2 time=625458 us valid=1
50-final,bench scale 8047 11 10 3 5,True,scale warm,1,625529,,,,3,I (158439) bls_test: scale warm sample=3 time=625529 us valid=1
50-final,bench scale 8047 11 10 3 5,True,scale warm,1,625416,,,,4,I (159067) bls_test: scale warm sample=4 time=625416 us valid=1
50-final,bench scale 8047 11 10 3 5,True,scale warm,1,625605,,,,5,I (159695) bls_test: scale warm sample=5 time=625605 us valid=1
50-final,bench scale 8047 11 32 1 5,True,scale cold,1,1619851,,,,0,I (163104) bls_test: scale cold sample=0 time=1619851 us valid=1
50-final,bench scale 8047 11 32 1 5,True,scale warm,1,1206682,,,,1,I (164313) bls_test: scale warm sample=1 time=1206682 us valid=1
50-final,bench scale 8047 11 32 1 5,True,scale warm,1,1207851,,,,2,I (165523) bls_test: scale warm sample=2 time=1207851 us valid=1
50-final,bench scale 8047 11 32 1 5,True,scale warm,1,1206679,,,,3,I (166732) bls_test: scale warm sample=3 time=1206679 us valid=1
50-final,bench scale 8047 11 32 1 5,True,scale warm,1,1206671,,,,4,I (167941) bls_test: scale warm sample=4 time=1206671 us valid=1
50-final,bench scale 8047 11 32 1 5,True,scale warm,1,1206679,,,,5,I (169150) bls_test: scale warm sample=5 time=1206679 us valid=1
50-final,bench scale 8047 11 32 3 5,True,scale cold,1,1745798,,,,0,I (173243) bls_test: scale cold sample=0 time=1745798 us valid=1
50-final,bench scale 8047 11 32 3 5,True,scale warm,1,1303144,,,,1,I (174549) bls_test: scale warm sample=1 time=1303144 us valid=1
50-final,bench scale 8047 11 32 3 5,True,scale warm,1,1302945,,,,2,I (175854) bls_test: scale warm sample=2 time=1302945 us valid=1
50-final,bench scale 8047 11 32 3 5,True,scale warm,1,1303918,,,,3,I (177160) bls_test: scale warm sample=3 time=1303918 us valid=1
50-final,bench scale 8047 11 32 3 5,True,scale warm,1,1303127,,,,4,I (178466) bls_test: scale warm sample=4 time=1303127 us valid=1
50-final,bench scale 8047 11 32 3 5,True,scale warm,1,1303944,,,,5,I (179771) bls_test: scale warm sample=5 time=1303944 us valid=1
50-final,bench scale 8047 11 64 1 5,True,scale cold,1,3000176,,,,0,I (186181) bls_test: scale cold sample=0 time=3000176 us valid=1
50-final,bench scale 8047 11 64 1 5,True,scale warm,1,2184164,,,,1,I (188368) bls_test: scale warm sample=1 time=2184164 us valid=1
50-final,bench scale 8047 11 64 1 5,True,scale warm,1,2184178,,,,2,I (190554) bls_test: scale warm sample=2 time=2184178 us valid=1
50-final,bench scale 8047 11 64 1 5,True,scale warm,1,2185051,,,,3,I (192741) bls_test: scale warm sample=3 time=2185051 us valid=1
50-final,bench scale 8047 11 64 1 5,True,scale warm,1,2185043,,,,4,I (194928) bls_test: scale warm sample=4 time=2185043 us valid=1
50-final,bench scale 8047 11 64 1 5,True,scale warm,1,2186051,,,,5,I (197116) bls_test: scale warm sample=5 time=2186051 us valid=1
50-final,bench scale 8047 11 64 3 5,True,scale cold,1,3137690,,,,0,I (204621) bls_test: scale cold sample=0 time=3137690 us valid=1
50-final,bench scale 8047 11 64 3 5,True,scale warm,1,2297197,,,,1,I (206921) bls_test: scale warm sample=1 time=2297197 us valid=1
50-final,bench scale 8047 11 64 3 5,True,scale warm,1,2296180,,,,2,I (209220) bls_test: scale warm sample=2 time=2296180 us valid=1
50-final,bench scale 8047 11 64 3 5,True,scale warm,1,2295366,,,,3,I (211518) bls_test: scale warm sample=3 time=2295366 us valid=1
50-final,bench scale 8047 11 64 3 5,True,scale warm,1,2311029,,,,4,I (213832) bls_test: scale warm sample=4 time=2311029 us valid=1
50-final,bench scale 8047 11 64 3 5,True,scale warm,1,2296125,,,,5,I (216130) bls_test: scale warm sample=5 time=2296125 us valid=1
50-final,bench contend 1903,True,scale cold,1,2208778,,,,0,I (221753) bls_test: scale cold sample=0 time=2208778 us valid=1
50-final,bench contend 1903,True,scale warm,1,2057724,,,,1,I (223813) bls_test: scale warm sample=1 time=2057724 us valid=1
50-final,bench contend 1903,True,scale warm,1,2057748,,,,2,I (225873) bls_test: scale warm sample=2 time=2057748 us valid=1
50-final,bench contend 3951,True,scale cold,1,2210645,,,,0,I (231305) bls_test: scale cold sample=0 time=2210645 us valid=1
50-final,bench contend 3951,True,scale warm,1,2059692,,,,1,I (233367) bls_test: scale warm sample=1 time=2059692 us valid=1
50-final,bench contend 3951,True,scale warm,1,2059689,,,,2,I (235429) bls_test: scale warm sample=2 time=2059689 us valid=1
50-final,bench contend 8047,True,scale cold,1,2248890,,,,0,I (240784) bls_test: scale cold sample=0 time=2248890 us valid=1
50-final,bench contend 8047,True,scale warm,1,1715529,,,,1,I (242502) bls_test: scale warm sample=1 time=1715529 us valid=1
50-final,bench contend 8047,True,scale warm,1,1708421,,,,2,I (244213) bls_test: scale warm sample=2 time=1708421 us valid=1
50-final,bench contend 8047,True,scale cold,1,2248604,,,,0,I (249240) bls_test: scale cold sample=0 time=2248604 us valid=1
50-final,bench contend 8047,True,scale warm,1,1702482,,,,1,I (250945) bls_test: scale warm sample=1 time=1702482 us valid=1
50-final,bench contend 8047,True,scale warm,1,1701569,,,,2,I (252649) bls_test: scale warm sample=2 time=1701569 us valid=1
51-adaptive-schnorr,bench nutroot large opt=15,False,keypair full scalar,8,8152,8108,,8114,,I (25966) nutroot: keypair full scalar      x8  mean     8152 med     8114 min     8108 us
51-adaptive-schnorr,bench nutroot large opt=15,False,sign incl keypair,8,17066,17056,,17058,,I (26119) nutroot: sign incl keypair        x8  mean    17066 med    17058 min    17056 us
51-adaptive-schnorr,bench nutroot large opt=15,False,sign retained keypair,8,8760,8748,,8751,,I (26201) nutroot: sign retained keypair    x8  mean     8760 med     8751 min     8748 us
51-adaptive-schnorr,bench nutroot large opt=15,False,schnorr verify,8,15500,15472,,15497,,I (26338) nutroot: schnorr verify           x8  mean    15500 med    15497 min    15472 us
51-adaptive-schnorr,bench nutroot large opt=15,False,ECDH full scalar,8,16355,16321,,16322,,I (26483) nutroot: ECDH full scalar         x8  mean    16355 med    16322 min    16321 us
51-adaptive-schnorr,bench nutroot large opt=15,False,parse compressed key,8,655,617,,617,,I (26501) nutroot: parse compressed key     x8  mean      655 med      617 min      617 us
51-adaptive-schnorr,bench nutroot large opt=15,False,threshold 2/3 c=2 b=0,3,49011,49003,,49003,,I (26783) nutroot: threshold 2/3 c=2 b=0    x3  mean    49011 med    49003 min    49003 us
51-adaptive-schnorr,bench nutroot large opt=15,False,threshold 3/5 c=3 b=0,3,67109,67003,,67003,,I (27171) nutroot: threshold 3/5 c=3 b=0    x3  mean    67109 med    67003 min    67003 us
51-adaptive-schnorr,bench nutroot large opt=15,False,threshold 8/15 c=8 b=0,3,156056,156003,,156003,,I (28082) nutroot: threshold 8/15 c=8 b=0   x3  mean   156056 med   156003 min   156003 us
51-adaptive-schnorr,bench nutroot large opt=15,False,threshold 15/15 c=0 b=0,3,2108,1991,,2006,,I (28242) nutroot: threshold 15/15 c=0 b=0  x3  mean     2108 med     2006 min     1991 us
51-adaptive-schnorr,bench nutroot large opt=15,False,keypaths 16 c=16 b=0,3,312494,312006,,312470,,I (29894) nutroot: keypaths 16 c=16 b=0     x3  mean   312494 med   312470 min   312006 us
51-adaptive-schnorr,bench nutroot large opt=15,False,keypaths 32 c=32 b=0,3,629336,628006,,628006,,I (33207) nutroot: keypaths 32 c=32 b=0     x3  mean   629336 med   628006 min   628006 us
51-adaptive-schnorr,bench nutroot large opt=15,False,keypaths 64 c=64 b=0,3,1256953,1256848,,1257006,,I (39816) nutroot: keypaths 64 c=64 b=0     x3  mean  1256953 med  1257006 min  1256848 us
52-final,bench nutroot large opt=15,True,keypair full scalar,8,8137,8094,,8097,,I (25945) nutroot: keypair full scalar      x8  mean     8137 med     8097 min     8094 us
52-final,bench nutroot large opt=15,True,sign incl keypair,8,17047,17037,,17038,,I (26098) nutroot: sign incl keypair        x8  mean    17047 med    17038 min    17037 us
52-final,bench nutroot large opt=15,True,sign retained keypair,8,8772,8763,,8763,,I (26179) nutroot: sign retained keypair    x8  mean     8772 med     8763 min     8763 us
52-final,bench nutroot large opt=15,True,schnorr verify,8,15500,15451,,15492,,I (26316) nutroot: schnorr verify           x8  mean    15500 med    15492 min    15451 us
52-final,bench nutroot large opt=15,True,ECDH full scalar,8,16347,16319,,16327,,I (26461) nutroot: ECDH full scalar         x8  mean    16347 med    16327 min    16319 us
52-final,bench nutroot large opt=15,True,parse compressed key,8,656,618,,618,,I (26478) nutroot: parse compressed key     x8  mean      656 med      618 min      618 us
52-final,bench nutroot large opt=15,True,threshold 2/3 c=2 b=0,3,49003,49002,,49004,,I (26760) nutroot: threshold 2/3 c=2 b=0    x3  mean    49003 med    49004 min    49002 us
52-final,bench nutroot large opt=15,True,threshold 3/5 c=3 b=0,3,67075,67004,,67004,,I (27148) nutroot: threshold 3/5 c=3 b=0    x3  mean    67075 med    67004 min    67004 us
52-final,bench nutroot large opt=15,True,threshold 8/15 c=8 b=0,3,156022,156004,,156004,,I (28059) nutroot: threshold 8/15 c=8 b=0   x3  mean   156022 med   156004 min   156004 us
52-final,bench nutroot large opt=15,True,threshold 15/15 c=15 b=0,3,268277,267825,,268004,,I (29539) nutroot: threshold 15/15 c=15 b=0 x3  mean   268277 med   268004 min   267825 us
52-final,bench nutroot large opt=15,True,keypaths 16 c=16 b=0,3,315412,315004,,315229,,I (31199) nutroot: keypaths 16 c=16 b=0     x3  mean   315412 med   315229 min   315004 us
52-final,bench nutroot large opt=15,True,keypaths 32 c=32 b=0,3,628638,628004,,628004,,I (34506) nutroot: keypaths 32 c=32 b=0     x3  mean   628638 med   628004 min   628004 us
52-final,bench nutroot large opt=15,True,keypaths 64 c=64 b=0,3,1256309,1256004,,1256004,,I (41105) nutroot: keypaths 64 c=64 b=0     x3  mean  1256309 med  1256004 min  1256004 us
52-final,bench nutroot large opt=31,True,keypair full scalar,8,8138,8095,,8098,,I (41299) nutroot: keypair full scalar      x8  mean     8138 med     8098 min     8095 us
52-final,bench nutroot large opt=31,True,sign incl keypair,8,17072,17037,,17040,,I (41452) nutroot: sign incl keypair        x8  mean    17072 med    17040 min    17037 us
52-final,bench nutroot large opt=31,True,sign retained keypair,8,8771,8763,,8763,,I (41533) nutroot: sign retained keypair    x8  mean     8771 med     8763 min     8763 us
52-final,bench nutroot large opt=31,True,schnorr verify,8,15500,15450,,15492,,I (41670) nutroot: schnorr verify           x8  mean    15500 med    15492 min    15450 us
52-final,bench nutroot large opt=31,True,ECDH full scalar,8,16337,16320,,16327,,I (41815) nutroot: ECDH full scalar         x8  mean    16337 med    16327 min    16320 us
52-final,bench nutroot large opt=31,True,parse compressed key,8,657,618,,618,,I (41833) nutroot: parse compressed key     x8  mean      657 med      618 min      618 us
52-final,bench nutroot large opt=31,True,threshold 2/3 c=0 b=1,3,52066,52004,,52004,,I (42125) nutroot: threshold 2/3 c=0 b=1    x3  mean    52066 med    52004 min    52004 us
52-final,bench nutroot large opt=31,True,threshold 3/5 c=0 b=1,3,66893,66673,,67004,,I (42510) nutroot: threshold 3/5 c=0 b=1    x3  mean    66893 med    67004 min    66673 us
52-final,bench nutroot large opt=31,True,threshold 8/15 c=0 b=1,3,139754,139255,,140004,,I (43357) nutroot: threshold 8/15 c=0 b=1   x3  mean   139754 med   140004 min   139255 us
52-final,bench nutroot large opt=31,True,threshold 15/15 c=15 b=0,3,267915,267738,,268004,,I (44836) nutroot: threshold 15/15 c=15 b=0 x3  mean   267915 med   268004 min   267738 us
52-final,bench nutroot large opt=31,True,keypaths 16 c=16 b=0,3,325070,325004,,325004,,I (46537) nutroot: keypaths 16 c=16 b=0     x3  mean   325070 med   325004 min   325004 us
52-final,bench nutroot large opt=31,True,keypaths 32 c=32 b=0,3,627797,627384,,628004,,I (49835) nutroot: keypaths 32 c=32 b=0     x3  mean   627797 med   628004 min   627384 us
52-final,bench nutroot large opt=31,True,keypaths 64 c=64 b=0,3,1256641,1255915,,1257004,,I (56436) nutroot: keypaths 64 c=64 b=0     x3  mean  1256641 med  1257004 min  1255915 us
52-final,bench nutroot large opt=95,True,keypair full scalar,8,8138,8095,,8098,,I (56633) nutroot: keypair full scalar      x8  mean     8138 med     8098 min     8095 us
52-final,bench nutroot large opt=95,True,sign incl keypair,8,17047,17037,,17038,,I (56786) nutroot: sign incl keypair        x8  mean    17047 med    17038 min    17037 us
52-final,bench nutroot large opt=95,True,sign retained keypair,8,8773,8764,,8764,,I (56867) nutroot: sign retained keypair    x8  mean     8773 med     8764 min     8764 us
52-final,bench nutroot large opt=95,True,schnorr verify,8,15500,15451,,15492,,I (57004) nutroot: schnorr verify           x8  mean    15500 med    15492 min    15451 us
52-final,bench nutroot large opt=95,True,ECDH full scalar,8,16337,16320,,16327,,I (57149) nutroot: ECDH full scalar         x8  mean    16337 med    16327 min    16320 us
52-final,bench nutroot large opt=95,True,parse compressed key,8,655,618,,618,,I (57167) nutroot: parse compressed key     x8  mean      655 med      618 min      618 us
52-final,bench nutroot large opt=95,True,threshold 2/3 c=2 b=0,3,49352,49004,,49048,,I (57450) nutroot: threshold 2/3 c=2 b=0    x3  mean    49352 med    49048 min    49004 us
52-final,bench nutroot large opt=95,True,threshold 3/5 c=0 b=1,3,66894,66675,,67004,,I (57835) nutroot: threshold 3/5 c=0 b=1    x3  mean    66894 med    67004 min    66675 us
52-final,bench nutroot large opt=95,True,threshold 8/15 c=0 b=1,3,140086,140004,,140004,,I (58683) nutroot: threshold 8/15 c=0 b=1   x3  mean   140086 med   140004 min   140004 us
52-final,bench nutroot large opt=95,True,threshold 15/15 c=0 b=2,3,239913,239733,,240004,,I (60050) nutroot: threshold 15/15 c=0 b=2  x3  mean   239913 med   240004 min   239733 us
52-final,bench nutroot large opt=95,True,keypaths 16 c=0 b=2,3,252363,252015,,252060,,I (61481) nutroot: keypaths 16 c=0 b=2      x3  mean   252363 med   252060 min   252015 us
52-final,bench nutroot large opt=95,True,keypaths 32 c=0 b=4,3,499695,499015,,499015,,I (64316) nutroot: keypaths 32 c=0 b=4      x3  mean   499695 med   499015 min   499015 us
52-final,bench nutroot large opt=95,True,keypaths 64 c=0 b=9,3,1010947,1010813,,1011015,,I (70018) nutroot: keypaths 64 c=0 b=9      x3  mean  1010947 med  1011015 min  1010813 us
52-final,bench verify 8047 11,True,suite_verify cold n=10,1,1224427,,,,,"I (72182) bls_test: suite_verify cold n=10: 1224427 us, valid=1"
52-final,bench verify 8047 11,True,suite_verify n=10 dk,2,959514,,,,,I (74115) bls_test: suite_verify n=10 dk     x2     959514 us/op
52-final,bench verify 8047 11,True,swap crypto n=10 dk,2,2519989,,,,,I (79158) bls_test: swap crypto n=10 dk      x2    2519989 us/op
52-final,bench nutroot current opt=95,True,BLS verify cold n=10,1,1226979,1226979,1226979,,,I (81875) nutroot_current: BLS verify cold n=10          x1 mean 1226979 min 1226979 max 1226979 us
52-final,bench nutroot current opt=95,True,BLS verify warm n=10,4,961541,961345,962092,,,I (85729) nutroot_current: BLS verify warm n=10          x4 mean 961541 min 961345 max 962092 us
52-final,bench nutroot current opt=95,True,BLS known keys fresh Y n=10,3,1075060,1075030,1075095,,,I (88961) nutroot_current: BLS known keys fresh Y n=10   x3 mean 1075060 min 1075030 max 1075095 us
52-final,bench nutroot current opt=95,True,recover+sign separate n=10,3,639165,638988,639357,,,I (90885) nutroot_current: recover+sign separate n=10    x3 mean 639165 min 638988 max 639357 us
52-final,bench nutroot current opt=95,True,recover+sign retained n=10,3,444825,443954,445890,,,I (92367) nutroot_current: recover+sign retained n=10    x3 mean 444825 min 443954 max 445890 us
52-final,bench nutroot current opt=95,True,current witnesses n=10,3,140963,140768,141338,,,I (92795) nutroot_current: current witnesses n=10        x3 mean 140963 min 140768 max 141338 us
52-final,bench nutroot current opt=95,True,commitments individual n=10,3,116020,115744,116411,,,I (93149) nutroot_current: commitments individual n=10   x3 mean 116020 min 115744 max 116411 us
52-final,bench nutroot current opt=95,True,commitments batch n=10,3,82853,82259,83933,,,I (93403) nutroot_current: commitments batch n=10        x3 mean 82853 min 82259 max 83933 us
52-final,bench nutroot current opt=95,True,commitments API n=10,3,82808,82770,82880,,,I (93656) nutroot_current: commitments API n=10          x3 mean 82808 min 82770 max 82880 us
52-final,bench nutroot current opt=95,True,blind fresh secrets n=10,1,321957,321957,321957,,,I (94063) nutroot_current: blind fresh secrets n=10      x1 mean 321957 min 321957 max 321957 us
52-final,bench nutroot current opt=95,True,blind cached secrets n=10,3,209961,209853,210040,,,I (94699) nutroot_current: blind cached secrets n=10     x3 mean 209961 min 209853 max 210040 us
52-final,bench nutroot current opt=95,True,unblind+verify separate n=10,3,1291536,1291008,1291855,,,I (98579) nutroot_current: unblind+verify separate n=10  x3 mean 1291536 min 1291008 max 1291855 us
52-final,bench nutroot current opt=95,True,unblind+verify retained n=10,3,1177126,1176803,1177725,,,I (102115) nutroot_current: unblind+verify retained n=10  x3 mean 1177126 min 1176803 max 1177725 us
52-final,bench nutroot current opt=95,True,unblind+verify batch inverse,3,1177113,1176868,1177578,,,I (105651) nutroot_current: unblind+verify batch inverse  x3 mean 1177113 min 1176868 max 1177578 us
52-final,bench nutroot current opt=95,True,KDF cached prefix n=10,3,1071,1059,1095,,,I (105661) nutroot_current: KDF cached prefix n=10        x3 mean 1071 min 1059 max 1095 us
52-final,bench nutroot current opt=95,True,KDF new context n=10,3,1521,1518,1528,,,I (105671) nutroot_current: KDF new context n=10          x3 mean 1521 min 1518 max 1528 us
52-final,bench nutroot current opt=95,True,prepare fresh outputs n=10,3,410161,410144,410182,,,I (106908) nutroot_current: prepare fresh outputs n=10    x3 mean 410161 min 410144 max 410182 us
52-final,bench nutroot current opt=95,True,read prepared outputs n=10,3,14,13,18,,,I (106915) nutroot_current: read prepared outputs n=10    x3 mean 14 min 13 max 18 us
52-final,bench nutroot current opt=95,True,NUMS offset verify,5,9748,9713,9880,,,I (106971) nutroot_current: NUMS offset verify            x5 mean 9748 min 9713 max 9880 us
52-final,bench nutroot current opt=95,True,leaf slot match at 120,2,1034491,1033983,1035000,,,I (109071) nutroot_current: leaf slot match at 120        x2 mean 1034491 min 1033983 max 1035000 us
52-final,bench nutroot current opt=95,True,blst SHA256 33B x100,3,1520,1499,1564,,,I (109081) nutroot_current: blst SHA256 33B x100          x3 mean 1520 min 1499 max 1564 us
52-final,bench nutroot current opt=95,True,IDF SHA256 33B x100,3,1803,1795,1820,,,I (109091) nutroot_current: IDF SHA256 33B x100           x3 mean 1803 min 1795 max 1820 us
52-final,bench nutroot current opt=95,True,blst SHA256 1KiB x100,3,6857,6848,6877,,,I (109116) nutroot_current: blst SHA256 1KiB x100         x3 mean 6857 min 6848 max 6877 us
52-final,bench nutroot current opt=95,True,IDF SHA256 1KiB x100,3,3941,3915,3994,,,I (109132) nutroot_current: IDF SHA256 1KiB x100          x3 mean 3941 min 3915 max 3994 us
52-final,bench nutroot current opt=95,True,BLS Fp2 multiply x100,3,1819,1815,1826,,,I (109307) nutroot_current: BLS Fp2 multiply x100         x3 mean 1819 min 1815 max 1826 us
52-final,bench nutroot current opt=95,True,BLS Fp2 square x100,3,1387,1385,1392,,,I (109317) nutroot_current: BLS Fp2 square x100           x3 mean 1387 min 1385 max 1392 us
52-final,bench nutroot current opt=95,True,BLS Fp2 inverse x100,3,111974,111829,112254,,,I (109658) nutroot_current: BLS Fp2 inverse x100          x3 mean 111974 min 111829 max 112254 us
52-final,bench nutroot current opt=95,True,BLS cyclotomic square x100,3,24407,24354,24508,,,I (109737) nutroot_current: BLS cyclotomic square x100    x3 mean 24407 min 24354 max 24508 us
52-final,bench nutroot current opt=95,True,BLS final exponent,5,99306,99286,99372,,,I (110243) nutroot_current: BLS final exponent            x5 mean 99306 min 99286 max 99372 us
52-final,bench nutroot current opt=95,True,secp field mul x1000,3,9393,9390,9401,,,I (110336) nutroot_current: secp field mul x1000          x3 mean 9393 min 9390 max 9401 us
52-final,bench nutroot current opt=95,True,secp field square x1000,3,5877,5817,5919,,,I (110358) nutroot_current: secp field square x1000       x3 mean 5877 min 5817 max 5919 us
52-final,bench nutroot current opt=95,True,MPI secp field mul x1000,3,14054,14030,14102,,,I (110407) nutroot_current: MPI secp field mul x1000      x3 mean 14054 min 14030 max 14102 us
52-final,bench nutroot current opt=95,True,MPI secp field square x1000,3,14039,14031,14057,,,I (110465) nutroot_current: MPI secp field square x1000   x3 mean 14039 min 14031 max 14057 us
52-final,bench nutroot current opt=95,True,secp scalar mul x1000,3,11074,11026,11171,,,I (110510) nutroot_current: secp scalar mul x1000         x3 mean 11074 min 11026 max 11171 us
52-final,bench nutroot current opt=95,True,MPI raw 256-bit x1000,3,6094,6092,6099,,,I (110535) nutroot_current: MPI raw 256-bit x1000         x3 mean 6094 min 6092 max 6099 us
52-final,bench nutroot current opt=95,True,MPI raw 384-bit x1000,3,9780,9779,9782,,,I (110569) nutroot_current: MPI raw 384-bit x1000         x3 mean 9780 min 9779 max 9782 us
52-final,bench nutroot current opt=95,True,MPI raw 768-bit x1000,3,25652,25647,25663,,,I (110651) nutroot_current: MPI raw 768-bit x1000         x3 mean 25652 min 25647 max 25663 us
52-final,bench nutroot current opt=95,True,MPI raw 1152-bit x1000,3,48788,48788,48789,,,I (110803) nutroot_current: MPI raw 1152-bit x1000        x3 mean 48788 min 48788 max 48789 us
52-final,bench nutroot current opt=95,True,MPI raw 1536-bit x1000,3,79206,79206,79206,,,I (111047) nutroot_current: MPI raw 1536-bit x1000        x3 mean 79206 min 79206 max 79206 us
52-final,bench scale 8047 11 64 10 3,True,scale cold,1,3569106,,,,0,I (116776) bls_test: scale cold sample=0 time=3569106 us valid=1
52-final,bench scale 8047 11 64 10 3,True,scale warm,1,2620044,,,,1,I (119399) bls_test: scale warm sample=1 time=2620044 us valid=1
52-final,bench scale 8047 11 64 10 3,True,scale warm,1,2630770,,,,2,I (122031) bls_test: scale warm sample=2 time=2630770 us valid=1
52-final,bench scale 8047 11 64 10 3,True,scale warm,1,2624085,,,,3,I (124658) bls_test: scale warm sample=3 time=2624085 us valid=1
